TransactionID,Amount,CustomerID,Timestamp,MerchantID,TransactionAmount,AnomalyScore,FraudIndicator,Category,Age,AccountBalance,SuspiciousFlag,TransactionHour,TransactionDay,TransactionMonth
1,55.53033442986919,1952,2022-01-01 00:00:00,2701,79.41360746377397,0.6866994638180963,0,Other,50,2869.689912187824,0,0,1,1
2,12.881180192784145,1027,2022-01-01 01:00:00,2070,12.053087153568082,0.0817488708011465,0,Online,46,9527.947107479318,0,1,1,1
3,50.17632151706568,1955,2022-01-01 02:00:00,2238,33.31035719105734,0.0238568301053087,0,Travel,34,9288.355524766564,0,2,1,1
4,41.63400105303006,1796,2022-01-01 03:00:00,2879,46.12111728963105,0.8769943477359176,0,Travel,33,5588.049941710766,0,3,1,1
5,78.12285326574603,1946,2022-01-01 04:00:00,2966,54.05161801340517,0.0340587726731107,0,Other,18,7324.785331781815,0,4,1,1
6,86.94708413376785,1204,2022-01-01 05:00:00,2757,34.54513807247706,0.1211728992013775,0,Food,45,3152.247786827239,0,5,1,1
7,51.1470964781812,1311,2022-01-01 06:00:00,2096,55.383112817522296,0.1098916756547063,0,Food,25,9253.478916937507,0,6,1,1
8,56.16398430834813,1693,2022-01-01 07:00:00,2493,17.855877857196635,0.7805342072486868,0,Travel,27,8765.03586083079,0,7,1,1
9,37.182411723100415,1347,2022-01-01 08:00:00,2612,75.65994449829373,0.0104709053716154,1,Retail,20,8935.00714558585,0,8,1,1
10,17.245409041786953,1574,2022-01-01 09:00:00,2638,67.93187884012292,0.0293762699375884,0,Other,55,5541.197921465388,0,9,1,1
11,86.18094790838266,1424,2022-01-01 10:00:00,2007,23.89562271190145,0.0834553954788118,0,Other,37,4344.549864306991,0,10,1,1
12,95.55400891993546,1302,2022-01-01 11:00:00,2746,17.797222024189402,0.4517349450635481,0,Food,54,2670.1130146853484,0,11,1,1
13,47.13851441157395,1321,2022-01-01 12:00:00,2092,64.78165788186897,0.4448031201651125,0,Other,47,2685.9423652780533,0,12,1,1
14,98.80425008117196,1700,2022-01-01 13:00:00,2892,43.691459478352925,0.9973396329012194,0,Travel,22,6735.159471122309,0,13,1,1
15,99.83263446243002,1321,2022-01-01 14:00:00,2849,35.45084414311964,0.8279264002423734,0,Other,47,2685.9423652780533,0,14,1,1
16,20.735039147246727,1463,2022-01-01 15:00:00,2640,47.62737483292299,0.4559473695840319,0,Other,46,1847.3263923843544,0,15,1,1
17,44.54511885107208,1962,2022-01-01 16:00:00,2858,83.80043412877465,0.0786169688869532,0,Other,39,7989.117483166383,0,16,1,1
18,27.05493666999777,1854,2022-01-01 17:00:00,2479,67.01973545243015,0.5328202953043202,0,Travel,57,9960.172528289351,0,17,1,1
19,13.615519156393288,1651,2022-01-01 18:00:00,2470,79.67952921186595,0.2520122859524184,1,Food,58,8326.14998923507,0,18,1,1
20,20.80228963510888,1715,2022-01-01 19:00:00,2933,23.12632324762183,0.2791586079368224,0,Travel,57,9103.487493642171,0,19,1,1
21,36.04360521851923,1724,2022-01-01 20:00:00,2835,60.70535435436163,0.6759407120991201,0,Travel,32,8830.49151334518,0,20,1,1
22,99.1004273987159,1117,2022-01-01 21:00:00,2220,53.84670686845873,0.1242284781235212,0,Online,52,7288.036637655037,0,21,1,1
23,85.4201781893225,1613,2022-01-01 22:00:00,2465,15.579538194663694,0.1953263896357612,0,Travel,21,8486.464783345322,0,22,1,1
24,84.05328458627297,1643,2022-01-01 23:00:00,2480,13.386777836538998,0.6172898016719134,0,Retail,52,7833.796203088414,0,23,1,1
25,50.258612452465634,1788,2022-01-02 00:00:00,2305,98.4640558012606,0.2443530379310863,0,Travel,27,4384.800511892174,0,0,2,1
26,52.593928648769634,1251,2022-01-02 01:00:00,2753,95.19370554798026,0.4870702896864038,0,Other,34,1820.9385858995977,0,1,2,1
27,20.48932094343152,1960,2022-01-02 02:00:00,2301,77.5092196540028,0.4227359977610908,0,Other,34,9934.498596865016,0,2,2,1
28,12.397442736592344,1187,2022-01-02 03:00:00,2914,51.77113770450813,0.838064383449069,0,Online,46,4845.969183660771,0,3,2,1
29,25.334803493141827,1121,2022-01-02 04:00:00,2322,73.08040768249539,0.4633405713676668,0,Other,23,4584.987687518285,0,4,2,1
30,70.07512697850342,1117,2022-01-02 05:00:00,2932,83.8842181328395,0.6466000102947055,0,Retail,52,7288.036637655037,0,5,2,1
31,92.6193029775784,1475,2022-01-02 06:00:00,2951,59.9638046074686,0.0286451504049212,0,Food,25,2805.3119964226125,0,6,2,1
32,77.7269441692719,1993,2022-01-02 07:00:00,2313,64.82555289198555,0.1139557066719609,0,Online,60,8330.438296145094,0,7,2,1
33,59.3509900357369,1030,2022-01-02 08:00:00,2693,16.31638922256401,0.7904919847795615,0,Other,54,3767.55788843177,0,8,2,1
34,61.34763595275774,1116,2022-01-02 09:00:00,2686,74.89233384628318,0.496141397087933,0,Retail,22,3038.909606871837,0,9,2,1
35,60.47401632791208,1676,2022-01-02 10:00:00,2173,63.48108383812917,0.0234248603939667,0,Online,38,7624.565426838614,0,10,2,1
36,42.20773347952953,1547,2022-01-02 11:00:00,2674,55.0748944700021,0.1056184269218054,0,Retail,31,6742.168051456645,0,11,2,1
37,71.26856791663724,1527,2022-01-02 12:00:00,2832,15.85588970150042,0.1173613685668951,0,Food,59,3545.727576422631,0,12,2,1
38,46.214982406953474,1087,2022-01-02 13:00:00,2967,35.25955889294103,0.682579996111541,0,Retail,28,2934.8098384758123,0,13,2,1
39,14.63168948637222,1207,2022-01-02 14:00:00,2201,53.30527210965001,0.9384845538305628,0,Other,38,5655.630625853387,0,14,2,1
40,80.53777562959479,1038,2022-01-02 15:00:00,2995,89.31329987617828,0.5326091267272046,0,Other,62,5402.920850264518,0,15,2,1
41,47.874851353915766,1800,2022-01-02 16:00:00,2596,13.156789554321756,0.3194777655854669,0,Other,58,6631.372808065945,0,16,2,1
42,85.10981610829299,1510,2022-01-02 17:00:00,2518,39.31008128591371,0.2149458399121594,0,Retail,53,7685.510723404021,0,17,2,1
43,55.81926585658818,1104,2022-01-02 18:00:00,2910,62.40210028810944,0.5672705382841227,0,Online,52,1693.073845531838,0,18,2,1
44,86.97191973785533,2000,2022-01-02 19:00:00,2423,88.11638357233643,0.7663300041347579,0,Food,42,4853.024379784787,0,19,2,1
45,69.75758075212585,1644,2022-01-02 20:00:00,2364,29.203181435601817,0.7076318867164036,0,Online,51,3307.317156281388,1,20,2,1
46,79.35791579481321,1238,2022-01-02 21:00:00,2274,15.0314207539817,0.9923378496402676,0,Online,38,8228.897853132457,0,21,2,1
47,72.74250983074938,1759,2022-01-02 22:00:00,2639,64.0550437068745,0.531697063932589,0,Food,33,6608.386988413693,0,22,2,1
48,17.6405694778187,1994,2022-01-02 23:00:00,2233,37.31484596425175,0.0322402678558125,0,Travel,63,8791.304688526334,0,23,2,1
49,30.793728080558463,1752,2022-01-03 00:00:00,2239,11.93959323128237,0.0061201141369274,1,Other,46,6552.420255282427,0,0,3,1
50,61.35297940106928,1415,2022-01-03 01:00:00,2946,17.91599331862236,0.0447252918925693,0,Online,57,9258.31269753691,0,1,3,1
51,42.07616320785515,1044,2022-01-03 02:00:00,2638,28.42012347274126,0.9181560081146742,0,Retail,22,5084.274000658554,0,2,3,1
52,90.81333790562653,1374,2022-01-03 03:00:00,2770,95.91411492767848,0.0555455780239428,0,Retail,47,2897.001043526318,0,3,3,1
53,42.08401695356378,1345,2022-01-03 04:00:00,2262,44.00543975418234,0.5687201877502441,0,Food,52,7264.807041213747,0,4,3,1
54,87.77609114158098,1680,2022-01-03 05:00:00,2920,39.083675731208,0.1116274550577005,0,Online,43,1308.3817367590414,0,5,3,1
55,62.13088122838467,1043,2022-01-03 06:00:00,2312,79.91319162474862,0.6294201752731601,0,Other,25,8236.476448026788,0,6,3,1
56,83.1517552203441,1611,2022-01-03 07:00:00,2292,99.39547482554184,0.5047562252447003,0,Retail,21,3612.869037587848,0,7,3,1
57,49.723786313021925,1704,2022-01-03 08:00:00,2082,98.02129252071374,0.7124860792029184,0,Travel,23,1670.4930903743175,0,8,3,1
58,13.081741283544147,1405,2022-01-03 09:00:00,2921,85.97846399845285,0.6232913655459015,0,Food,59,9246.516979425342,0,9,3,1
59,28.62756065487808,1161,2022-01-03 10:00:00,2033,61.369965594477215,0.6889460878176792,0,Food,55,7545.026042634955,0,10,3,1
60,82.91599923239106,1336,2022-01-03 11:00:00,2479,56.39017672096056,0.7012128117494796,0,Retail,42,9996.99152465927,0,11,3,1
61,76.11459127700137,1714,2022-01-03 12:00:00,2684,52.224587954587946,0.3817522806168361,0,Travel,36,8792.09709915188,0,12,3,1
62,66.56159118369223,1865,2022-01-03 13:00:00,2234,88.00863507425593,0.4478817547460879,0,Travel,45,4468.344079407905,0,13,3,1
63,50.51711429707575,1702,2022-01-03 14:00:00,2286,22.41233395120337,0.7690132128559298,0,Other,32,4756.907985455394,0,14,3,1
64,55.162744952494926,1483,2022-01-03 15:00:00,2131,10.967550794864708,0.3391291866143247,0,Online,56,7541.198868921577,0,15,3,1
65,78.33451388591148,1139,2022-01-03 16:00:00,2195,74.80049283184198,0.0951938957139624,0,Other,21,3039.5142047755826,0,16,3,1
66,51.4144879788989,1108,2022-01-03 17:00:00,2561,16.34857049322759,0.1072906870387059,0,Other,33,7794.946321991311,0,17,3,1
67,81.34788954135908,1056,2022-01-03 18:00:00,2171,59.48591943885853,0.169625926112435,0,Retail,46,3507.492645445045,0,18,3,1
68,95.23140544260824,1548,2022-01-03 19:00:00,2781,64.68870798615711,0.5467204678243731,0,Other,29,4483.156300402189,0,19,3,1
69,87.15831942631942,1887,2022-01-03 20:00:00,2038,40.11881406202277,0.7132956071476505,0,Retail,40,3976.339147069369,0,20,3,1
70,78.69681169305915,1897,2022-01-03 21:00:00,2475,33.18694249951406,0.2189393885632597,0,Other,27,2518.7388735597933,0,21,3,1
71,23.80623682022744,1154,2022-01-03 22:00:00,2487,64.24073572319557,0.5521439297775538,0,Online,48,5544.569288667391,0,22,3,1
72,57.31615922446038,1286,2022-01-03 23:00:00,2495,53.91674221753586,0.1617728586912705,1,Online,19,7665.932450291637,0,23,3,1
73,67.92604330939866,1149,2022-01-04 00:00:00,2200,55.60426363765741,0.6860135687546838,0,Travel,34,7990.335619571962,0,0,4,1
74,16.26344880319616,1158,2022-01-04 01:00:00,2296,95.54621197153052,0.957373586986144,0,Travel,50,5037.207239014824,0,1,4,1
75,13.42002255353782,1606,2022-01-04 02:00:00,2872,25.73509604902587,0.7842947190605576,0,Other,60,4152.721122244118,0,2,4,1
76,42.76855554669151,1422,2022-01-04 03:00:00,2036,92.0899205881348,0.4885878004048138,0,Food,32,6987.997844391333,0,3,4,1
77,41.21158341874049,1007,2022-01-04 04:00:00,2753,66.15215047728688,0.2178905074792401,0,Travel,33,2957.760054296896,0,4,4,1
78,58.13859005804491,1985,2022-01-04 05:00:00,2116,70.84820400902817,0.3941309112302433,0,Other,47,3816.962495092046,0,5,4,1
79,14.634664157422302,1776,2022-01-04 06:00:00,2203,65.46874682566187,0.6085123427185402,0,Online,31,3715.769255207644,0,6,4,1
80,19.137591520992626,1159,2022-01-04 07:00:00,2083,25.27309509866829,0.0255585901176547,0,Retail,54,5766.570781258057,0,7,4,1
81,29.83486576041774,1493,2022-01-04 08:00:00,2552,54.43074953579532,0.2007991959678334,0,Travel,44,5703.042829615882,0,8,4,1
82,38.43137755298227,1322,2022-01-04 09:00:00,2282,89.92128590628081,0.084979207388952,0,Online,29,9411.508716680992,0,9,4,1
83,18.110761868902294,1731,2022-01-04 10:00:00,2610,70.5533611534697,0.0148769296562688,0,Food,62,5275.9454658434415,0,10,4,1
84,22.97242859349798,1876,2022-01-04 11:00:00,2901,11.760532784436789,0.8500908746590535,0,Online,31,8278.713188445914,0,11,4,1
85,22.45289288099517,1920,2022-01-04 12:00:00,2323,47.90428072026375,0.8858380254109788,0,Retail,33,3434.612874956465,0,12,4,1
86,70.51131966791718,1618,2022-01-04 13:00:00,2534,30.12257414785566,0.6619170473823522,0,Retail,27,6741.429339282374,0,13,4,1
87,78.55221406635722,1054,2022-01-04 14:00:00,2586,59.06169368651467,0.7086399710261254,0,Retail,27,2873.839987462341,0,14,4,1
88,35.601241841950866,1886,2022-01-04 15:00:00,2882,61.030450747630056,0.0365564379848128,0,Travel,37,9467.31225148779,0,15,4,1
89,26.00722367933592,1071,2022-01-04 16:00:00,2055,77.76328614592758,0.4402907533266011,0,Retail,64,4962.283526863032,0,16,4,1
90,85.36034193563887,1975,2022-01-04 17:00:00,2622,49.16020343383616,0.0002337072005655,0,Retail,51,8710.760047285832,0,17,4,1
91,48.09673926087099,1726,2022-01-04 18:00:00,2140,70.28777110281193,0.5325805700018359,0,Online,23,9885.267204374808,0,18,4,1
92,29.03410939854033,1435,2022-01-04 19:00:00,2010,33.838420642486625,0.1103865196909265,0,Food,35,8804.517944437239,0,19,4,1
93,98.14685940247114,1684,2022-01-04 20:00:00,2111,49.22333118633592,0.190179868627074,0,Travel,43,7560.730128542115,0,20,4,1
94,79.77488953148558,1277,2022-01-04 21:00:00,2680,85.86740383135798,0.4604078745218216,0,Travel,22,5042.199848161743,0,21,4,1
95,50.39592040108388,1828,2022-01-04 22:00:00,2600,72.2881408132906,0.6351498923024964,1,Other,62,2077.514821107271,0,22,4,1
96,98.5026858539832,1466,2022-01-04 23:00:00,2054,26.196351691755417,0.495002454686524,0,Retail,41,2569.1292344962367,0,23,4,1
97,18.16684546592576,1922,2022-01-05 00:00:00,2432,90.0778270615524,0.3040718787901955,0,Other,46,5101.105372122595,0,0,5,1
98,55.88720399193835,1183,2022-01-05 01:00:00,2346,21.11119366756257,0.291574943975321,0,Other,40,7149.964405144897,0,1,5,1
99,76.84342858021311,1866,2022-01-05 02:00:00,2299,15.152685241543288,0.2419476642350824,0,Online,35,9510.171443616422,0,2,5,1
100,13.097222776355888,1514,2022-01-05 03:00:00,2027,94.0073412618988,0.3374859941376362,0,Other,20,2045.0579963089228,0,3,5,1
101,58.92390637798005,1023,2022-01-05 04:00:00,2433,88.98436112503889,0.9603976293466876,0,Food,34,9545.47486907634,0,4,5,1
102,61.65899469709107,1012,2022-01-05 05:00:00,2736,97.48688179907796,0.2645800599183321,0,Online,45,2706.148887561668,0,5,5,1
103,12.458635265316776,1585,2022-01-05 06:00:00,2744,83.76810174234359,0.3332819881973068,0,Retail,37,7900.2424003291135,0,6,5,1
104,16.651042272403856,1914,2022-01-05 07:00:00,2433,93.56933968320736,0.3398523619032424,0,Travel,18,6131.253862602764,0,7,5,1
105,64.1798875377491,1979,2022-01-05 08:00:00,2453,39.7071103789509,0.2223044794557515,0,Other,20,8722.686489131847,0,8,5,1
106,13.915099886609262,1995,2022-01-05 09:00:00,2154,54.89026403662322,0.4215635124057515,0,Travel,38,2240.517799293388,0,9,5,1
107,58.084975288492096,1359,2022-01-05 10:00:00,2908,85.92834801769118,0.3664545518768669,0,Online,53,8430.98651867882,0,10,5,1
108,96.8105858612092,1609,2022-01-05 11:00:00,2967,64.58967531386853,0.8913273664664983,0,Online,29,7085.442721000245,0,11,5,1
109,48.737959254294935,1796,2022-01-05 12:00:00,2508,66.51437179940578,0.7824277459451286,0,Food,33,5588.049941710766,0,12,5,1
110,44.24378825471623,1685,2022-01-05 13:00:00,2580,57.44211218746886,0.0063315156706293,0,Other,18,3046.120484791152,0,13,5,1
111,22.586047991269297,1961,2022-01-05 14:00:00,2570,10.625085325396435,0.6864802438144277,0,Retail,47,3454.6485309782306,0,14,5,1
112,40.47944601842122,1740,2022-01-05 15:00:00,2493,21.310132757865613,0.290569092728993,0,Other,19,1783.739009166993,0,15,5,1
113,74.4439571243902,1836,2022-01-05 16:00:00,2628,31.089658414406184,0.3787730482978894,0,Online,47,4018.773274033155,0,16,5,1
114,77.57986716270221,1120,2022-01-05 17:00:00,2240,97.86479106596292,0.8384719464730573,0,Travel,47,7450.419004134611,0,17,5,1
115,40.63979180497972,1841,2022-01-05 18:00:00,2941,20.93135754622178,0.8548717198256173,0,Retail,22,9319.481714172363,0,18,5,1
116,62.921911545133966,1930,2022-01-05 19:00:00,2507,84.66984069219563,0.4309100079096375,0,Food,61,1111.7721667693309,0,19,5,1
117,43.7036374245612,1423,2022-01-05 20:00:00,2128,75.34393386371227,0.8626867847533091,0,Travel,40,7025.452026763664,0,20,5,1
118,56.60485656715164,1575,2022-01-05 21:00:00,2428,31.029962233485527,0.9230146888184372,0,Retail,21,7192.646432329213,0,21,5,1
119,17.72987462635209,1780,2022-01-05 22:00:00,2572,19.527907375407104,0.8521427323660469,1,Retail,48,8473.630815815763,0,22,5,1
120,68.83486745284134,1894,2022-01-05 23:00:00,2304,82.48672259028618,0.0428071189562689,0,Retail,26,9728.588504180754,0,23,5,1
121,32.34210737065556,1240,2022-01-06 00:00:00,2794,95.08638384399995,0.7459715350697309,0,Retail,43,1883.4867347636705,0,0,6,1
122,87.56655197793899,1167,2022-01-06 01:00:00,2846,48.77567691066048,0.5893665589856495,0,Retail,33,4121.316624748486,0,1,6,1
123,70.83894725546456,1330,2022-01-06 02:00:00,2169,76.92373657516502,0.269505804949578,1,Other,63,8773.956940488475,1,2,6,1
124,26.529790933426444,1171,2022-01-06 03:00:00,2948,52.738703327766736,0.4136975064344618,0,Travel,22,4631.532991706319,0,3,6,1
125,88.20456750327392,1749,2022-01-06 04:00:00,2148,83.10764958693693,0.7920798620894777,0,Retail,44,3334.187888384263,0,4,6,1
126,55.20289159939914,1069,2022-01-06 05:00:00,2226,60.02616890446173,0.407731665515309,0,Other,38,8363.065543345401,0,5,6,1
127,55.48555001123924,1569,2022-01-06 06:00:00,2390,89.72536824864176,0.5470065298001408,0,Other,31,6363.937936403128,0,6,6,1
128,39.19964508295418,1537,2022-01-06 07:00:00,2637,83.8883819694083,0.6487036898380295,0,Food,37,1947.17341955263,0,7,6,1
129,49.87286889896349,1425,2022-01-06 08:00:00,2461,93.2420611636587,0.8657397106795307,0,Food,56,6441.933112929328,0,8,6,1
130,12.473355037269908,1761,2022-01-06 09:00:00,2928,53.74615541333524,0.6067478301246536,0,Other,21,2854.1866227984992,0,9,6,1
131,75.99253650342669,1458,2022-01-06 10:00:00,2901,43.06404676353721,0.5439223502745882,0,Other,35,8017.715824154072,0,10,6,1
132,65.03159710701489,1588,2022-01-06 11:00:00,2588,27.32178111362836,0.1944314454446276,0,Food,27,7925.082131230957,0,11,6,1
133,92.36972521780169,1418,2022-01-06 12:00:00,2717,74.31939247105099,0.0507840812114911,0,Retail,19,5724.611458231782,0,12,6,1
134,33.800957892074884,1299,2022-01-06 13:00:00,2511,81.10453304374346,0.6752844762825353,0,Food,31,4661.555925923707,0,13,6,1
135,14.56451519624522,1822,2022-01-06 14:00:00,2077,51.28972617484501,0.3518120629599117,0,Travel,44,8603.321935277745,0,14,6,1
136,70.85855068793218,1152,2022-01-06 15:00:00,2921,76.33022876630817,0.6862647854532525,0,Travel,55,7273.982375653035,0,15,6,1
137,80.77316169978734,1667,2022-01-06 16:00:00,2639,82.1851437672511,0.166292052708713,0,Other,35,4096.117607307247,0,16,6,1
138,39.8254029895631,1669,2022-01-06 17:00:00,2548,68.07165652135744,0.107425555785323,0,Online,44,4490.144010455546,0,17,6,1
139,12.184601872547413,1169,2022-01-06 18:00:00,2338,97.73176014092073,0.0653463606382471,0,Online,30,4020.714312343048,0,18,6,1
140,36.9412542954954,1574,2022-01-06 19:00:00,2180,44.4059707359975,0.7817590190058886,0,Travel,55,5541.197921465388,0,19,6,1
141,61.41387641863861,1019,2022-01-06 20:00:00,2209,46.56716357207259,0.671085348147031,0,Retail,37,3797.734535980661,0,20,6,1
142,74.95521382139967,1017,2022-01-06 21:00:00,2919,50.497451261542906,0.5218400263257464,0,Other,21,5179.000965050205,0,21,6,1
143,86.47644806653052,1150,2022-01-06 22:00:00,2573,73.01484256366689,0.0083915576541542,0,Online,52,7476.989180248455,0,22,6,1
144,44.586046124582026,1087,2022-01-06 23:00:00,2954,70.58921223632976,0.2643047451700305,0,Online,28,2934.8098384758123,0,23,6,1
145,45.94470335816509,1129,2022-01-07 00:00:00,2936,18.760393793572423,0.7695243691162444,0,Online,39,4396.07692646077,0,0,7,1
146,86.17240478756997,1234,2022-01-07 01:00:00,2011,33.87159912261558,0.0963849867089952,0,Food,18,6737.496077516889,0,1,7,1
147,19.688496513147165,1112,2022-01-07 02:00:00,2504,93.62801307167632,0.5907825622817242,0,Travel,57,9784.73655418159,0,2,7,1
148,79.52197137501955,1066,2022-01-07 03:00:00,2369,78.51656294055846,0.5996910725465628,0,Online,64,8979.728844071804,0,3,7,1
149,10.863844969173988,1598,2022-01-07 04:00:00,2751,13.740115016215762,0.0769873880028959,1,Travel,29,6550.062414282284,0,4,7,1
150,15.24013555293646,1117,2022-01-07 05:00:00,2684,35.76256757704117,0.9827270365132578,0,Other,52,7288.036637655037,0,5,7,1
151,46.265651867845264,1311,2022-01-07 06:00:00,2920,91.20674786727866,0.6983944973107784,0,Retail,25,9253.478916937507,0,6,7,1
152,10.64214063364256,1998,2022-01-07 07:00:00,2953,67.72998285604584,0.7864850345761688,0,Travel,25,9148.652758711904,0,7,7,1
153,40.52631372440093,1123,2022-01-07 08:00:00,2514,23.84789057823815,0.8608939744740778,0,Online,34,7347.086686903932,0,8,7,1
154,55.74925986254664,1098,2022-01-07 09:00:00,2480,23.19675309370517,0.0363253594047917,0,Online,61,6405.360523608859,0,9,7,1
155,80.68702881549353,1836,2022-01-07 10:00:00,2598,55.12309145953811,0.152484889271127,0,Retail,47,4018.773274033155,0,10,7,1
156,58.78105340124304,1126,2022-01-07 11:00:00,2245,92.42444949008308,0.195162305471047,0,Retail,27,7080.103438619933,0,11,7,1
157,93.21260497318085,1105,2022-01-07 12:00:00,2068,60.54514510210061,0.7535838037722454,0,Online,37,7588.2826264097375,0,12,7,1
158,48.93431687421971,1634,2022-01-07 13:00:00,2454,58.13885000694888,0.0013112357995281,0,Food,44,5302.392311164256,0,13,7,1
159,75.84896970201633,1768,2022-01-07 14:00:00,2225,49.28997754079705,0.0686108170259279,0,Other,35,1824.800520598792,0,14,7,1
160,99.24329385724016,1271,2022-01-07 15:00:00,2783,20.433902723174075,0.799903050684708,1,Food,23,9084.791658545855,0,15,7,1
161,97.62385249068704,1935,2022-01-07 16:00:00,2752,34.28799621000191,0.8128326048241296,0,Travel,35,4805.27779551589,0,16,7,1
162,68.36222224178091,1666,2022-01-07 17:00:00,2583,93.90980107812352,0.1303453119881498,1,Retail,36,9674.062164262285,0,17,7,1
163,52.7405583765616,1495,2022-01-07 18:00:00,2370,62.2966821251412,0.8961648984302398,0,Online,20,1236.384945903017,0,18,7,1
164,88.75728850172628,1982,2022-01-07 19:00:00,2025,21.200385624323307,0.3292528457660703,0,Other,46,4575.52247121944,0,19,7,1
165,70.65807372432405,1127,2022-01-07 20:00:00,2998,39.62416222970549,0.063965262052487,0,Food,39,4843.2904163743615,0,20,7,1
166,16.560396381973245,1437,2022-01-07 21:00:00,2081,94.98701866123818,0.1729678782624287,0,Travel,19,3712.1659095755263,0,21,7,1
167,36.87248196812679,1145,2022-01-07 22:00:00,2229,70.949036627234,0.9579481005143656,0,Travel,56,9855.674627837716,0,22,7,1
168,37.97774880715161,1477,2022-01-07 23:00:00,2711,65.07165073329853,0.8398890363857324,0,Online,31,4219.355106273666,0,23,7,1
169,37.40762141397819,1727,2022-01-08 00:00:00,2853,87.84367671643805,0.6381432315674004,0,Other,25,7941.847202444381,0,0,8,1
170,27.459895442013668,1365,2022-01-08 01:00:00,2514,96.1462465106588,0.4297705660959885,0,Other,49,2249.6838410311507,1,1,8,1
171,16.468824479692067,1239,2022-01-08 02:00:00,2201,91.1933076822215,0.4491231704158719,0,Retail,40,8704.182255178053,0,2,8,1
172,95.81318706963296,1422,2022-01-08 03:00:00,2818,98.62431306543851,0.4188655842737862,0,Travel,32,6987.997844391333,0,3,8,1
173,63.47667766306569,1089,2022-01-08 04:00:00,2200,69.26898129140069,0.9566960542981932,0,Online,50,6121.739350549565,0,4,8,1
174,97.0655205171012,1407,2022-01-08 05:00:00,2898,38.39751063654201,0.7962993717062002,1,Retail,32,8827.782392877409,0,5,8,1
175,13.592210306686386,1233,2022-01-08 06:00:00,2298,72.0767151531791,0.3578208959090809,0,Online,28,8198.17833915617,0,6,8,1
176,18.04295485910775,1474,2022-01-08 07:00:00,2144,23.16580918170286,0.3581691063319129,0,Online,37,8007.840813445351,0,7,8,1
177,57.400809663920754,1059,2022-01-08 08:00:00,2372,96.99742620925753,0.3663305510153918,0,Other,42,4450.429068562766,0,8,8,1
178,91.89645670792092,1596,2022-01-08 09:00:00,2196,75.17795368204465,0.4797418085390359,0,Online,62,7604.03581291833,0,9,8,1
179,67.30165835468443,1800,2022-01-08 10:00:00,2981,71.27729966536388,0.8059953499461918,0,Food,58,6631.372808065945,0,10,8,1
180,79.45616782324659,1117,2022-01-08 11:00:00,2229,73.50579664763814,0.4466950064139259,0,Food,52,7288.036637655037,0,11,8,1
181,74.59376570121384,1548,2022-01-08 12:00:00,2078,95.81512850727324,0.1480582852993029,0,Other,29,4483.156300402189,0,12,8,1
182,90.0500458660583,1084,2022-01-08 13:00:00,2220,18.852697182192355,0.7304494846487675,0,Travel,60,2169.4259351690243,0,13,8,1
183,71.65549550773102,1591,2022-01-08 14:00:00,2671,13.294878186725366,0.966645463514096,0,Online,36,7962.41027548533,0,14,8,1
184,76.74484865313467,1107,2022-01-08 15:00:00,2507,70.84194087334146,0.9345265989340056,0,Retail,60,6166.294345881851,0,15,8,1
185,30.73140745162662,1449,2022-01-08 16:00:00,2166,29.797542175411586,0.8713778981354636,0,Online,64,3495.320360122715,0,16,8,1
186,13.94613717842646,1997,2022-01-08 17:00:00,2528,10.976063792987292,0.0887224891439055,0,Online,58,9255.451757215444,0,17,8,1
187,86.27614397676666,1825,2022-01-08 18:00:00,2366,30.62781389727033,0.3804867275873326,0,Retail,54,4886.010824613629,0,18,8,1
188,39.15191297159039,1609,2022-01-08 19:00:00,2348,86.27039905960704,0.5997076288705414,0,Other,29,7085.442721000245,0,19,8,1
189,63.75541221221678,1439,2022-01-08 20:00:00,2163,90.69366945616191,0.0525841195764624,0,Food,47,8557.608088738338,0,20,8,1
190,13.936656978315106,1122,2022-01-08 21:00:00,2778,97.45799845652886,0.1324130798457156,0,Travel,54,4998.111232701779,0,21,8,1
191,39.27911887178642,1542,2022-01-08 22:00:00,2360,94.26044567659616,0.28161699231222,0,Retail,63,6808.655941809088,0,22,8,1
192,61.29285089639624,1024,2022-01-08 23:00:00,2940,65.20547785019431,0.0361401268487941,0,Retail,40,1795.3282266181373,0,23,8,1
193,61.5850254830433,1804,2022-01-09 00:00:00,2926,58.92672040602855,0.9644991055160976,0,Food,24,8924.92531736286,0,0,9,1
194,25.807626781009997,1394,2022-01-09 01:00:00,2176,81.998406792034,0.1764083665963066,0,Travel,31,1417.6911109990574,0,1,9,1
195,60.1627950076116,1377,2022-01-09 02:00:00,2901,46.79083873431522,0.829296851161239,0,Food,46,7515.21069536373,0,2,9,1
196,73.95115480743799,1860,2022-01-09 03:00:00,2208,11.414754823886248,0.1556446845128487,0,Travel,21,2424.450317394157,0,3,9,1
197,41.600666147750765,1022,2022-01-09 04:00:00,2125,39.746571370799046,0.7831297143194322,0,Retail,55,4265.273573478986,0,4,9,1
198,77.50218977872183,1599,2022-01-09 05:00:00,2162,69.42652625711786,0.4507371718071249,0,Online,18,8662.854278923118,1,5,9,1
199,60.700759795200256,1281,2022-01-09 06:00:00,2679,74.8024137001501,0.3540911370424252,1,Retail,33,3183.466494213557,0,6,9,1
200,10.867087743046213,1549,2022-01-09 07:00:00,2900,11.135024291276173,0.6543579686540659,0,Online,60,4220.470748699525,0,7,9,1
201,78.69908198812801,1237,2022-01-09 08:00:00,2382,78.7926566816262,0.0924698674989543,0,Other,32,5160.483332414382,0,8,9,1
202,13.562991257277996,1800,2022-01-09 09:00:00,2802,73.35801855325286,0.8635439599431781,0,Online,58,6631.372808065945,0,9,9,1
203,61.40287558718099,1167,2022-01-09 10:00:00,2789,19.79428898571563,0.6459808078950701,0,Retail,33,4121.316624748486,0,10,9,1
204,68.40522340995258,1559,2022-01-09 11:00:00,2856,52.57391797925766,0.1032059291351714,0,Online,22,4091.6780540746336,0,11,9,1
205,59.45638923887482,1764,2022-01-09 12:00:00,2618,87.946838800399,0.7811165111485706,0,Travel,49,7695.154348220063,0,12,9,1
206,94.570751399094,1124,2022-01-09 13:00:00,2493,45.34907934754776,0.3867848646906189,0,Travel,45,6746.988789784419,0,13,9,1
207,81.56433192297125,1095,2022-01-09 14:00:00,2713,49.02599806311397,0.2741100007272282,0,Other,27,8403.77366742826,1,14,9,1
208,58.42056072628485,1690,2022-01-09 15:00:00,2478,76.7891524120786,0.3144079950434221,0,Travel,24,5729.012454195284,0,15,9,1
209,48.04486290773334,1359,2022-01-09 16:00:00,2405,57.25912840477829,0.2883373503010789,0,Food,53,8430.98651867882,0,16,9,1
210,27.51230202452078,1026,2022-01-09 17:00:00,2332,21.239305903956133,0.3227980839253159,0,Other,58,8091.736701622896,0,17,9,1
211,67.03130270994141,1596,2022-01-09 18:00:00,2989,79.3765145476943,0.970049124736776,0,Online,62,7604.03581291833,0,18,9,1
212,78.56207411278741,1506,2022-01-09 19:00:00,2828,52.47637817645349,0.8581859979634036,1,Other,22,5745.0882908674,0,19,9,1
213,81.95667521729543,1219,2022-01-09 20:00:00,2065,75.32893871990358,0.4463273030715393,0,Food,23,7649.649301190314,0,20,9,1
214,66.22278769805163,1609,2022-01-09 21:00:00,2536,76.76865855547618,0.1168631146102391,0,Travel,29,7085.442721000245,0,21,9,1
215,43.288425940630695,1788,2022-01-09 22:00:00,2225,87.13835924679432,0.2473200050082087,0,Online,27,4384.800511892174,0,22,9,1
216,91.44727683785102,1320,2022-01-09 23:00:00,2533,33.346974587766816,0.0498583601810919,0,Retail,48,4674.919670572002,0,23,9,1
217,98.68616371418082,1194,2022-01-10 00:00:00,2023,79.684500917319,0.4855999522759509,0,Travel,40,7405.683379172114,0,0,10,1
218,84.03821814533373,1387,2022-01-10 01:00:00,2884,21.68077849155916,0.0865758331665561,0,Online,31,2137.201056640595,1,1,10,1
219,26.705903742573543,1381,2022-01-10 02:00:00,2388,78.78591569653737,0.8576199416102118,0,Online,58,4206.199489908408,0,2,10,1
220,95.66715462171436,1023,2022-01-10 03:00:00,2338,66.7376965174679,0.3073939306775677,0,Online,34,9545.47486907634,0,3,10,1
221,53.84797949558436,1292,2022-01-10 04:00:00,2094,47.443041935154895,0.210648526054667,0,Food,33,5713.487344025388,0,4,10,1
222,67.7566473614084,1556,2022-01-10 05:00:00,2206,17.36876575850654,0.0590292986848037,0,Online,53,2262.489051602548,0,5,10,1
223,68.86554660517089,1616,2022-01-10 06:00:00,2334,56.889921501141245,0.0177160412981203,0,Travel,31,5058.355132932252,0,6,10,1
224,32.334368575520536,1646,2022-01-10 07:00:00,2893,22.120892689336657,0.681498050466276,0,Retail,46,1384.6666740901055,0,7,10,1
225,87.0159324540077,1678,2022-01-10 08:00:00,2979,41.46857357472534,0.9854105185705414,0,Food,33,3302.010949050849,1,8,10,1
226,34.528113601375296,1950,2022-01-10 09:00:00,2539,13.871281828809789,0.7622048594652203,0,Food,48,2394.859954484713,0,9,10,1
227,72.13258352324524,1995,2022-01-10 10:00:00,2776,29.67925462704473,0.9392161655993088,1,Travel,38,2240.517799293388,0,10,10,1
228,55.797695917609126,1492,2022-01-10 11:00:00,2962,10.9730234023345,0.1883338580116202,0,Online,46,2989.8192667071926,0,11,10,1
229,26.44706544020341,1395,2022-01-10 12:00:00,2687,94.0622960105692,0.2589414407353841,0,Other,32,4381.287524149841,1,12,10,1
230,99.7192337077914,1903,2022-01-10 13:00:00,2473,51.6073040765863,0.9585613328123336,0,Food,18,4718.536567167799,0,13,10,1
231,39.30443808666833,1442,2022-01-10 14:00:00,2577,70.86813431740313,0.4745197026132388,0,Online,54,9760.428570811451,0,14,10,1
232,48.95945026618623,1169,2022-01-10 15:00:00,2559,14.748967417508124,0.3279132217069292,0,Other,30,4020.714312343048,0,15,10,1
233,98.73461898413122,1767,2022-01-10 16:00:00,2787,62.37409427812566,0.0452476378006632,0,Online,38,1238.1227186710694,0,16,10,1
234,69.33327246195044,1221,2022-01-10 17:00:00,2851,35.94577240035858,0.8934789871384754,0,Other,37,6722.285664371272,0,17,10,1
235,65.34894374447977,1806,2022-01-10 18:00:00,2949,56.4273949545298,0.9122973990642969,0,Retail,61,7475.015618562455,0,18,10,1
236,69.82507207727988,1999,2022-01-10 19:00:00,2789,33.87630498125569,0.4038264321080043,0,Retail,57,7376.854106511174,0,19,10,1
237,46.17260059157836,1506,2022-01-10 20:00:00,2442,23.30991586673956,0.8944399270078037,0,Online,22,5745.0882908674,0,20,10,1
238,55.20400597044325,1024,2022-01-10 21:00:00,2231,25.29149584461545,0.0897404131770416,0,Retail,40,1795.3282266181373,0,21,10,1
239,53.97929249001216,1359,2022-01-10 22:00:00,2442,52.565828289984246,0.3351857633051895,0,Retail,53,8430.98651867882,0,22,10,1
240,45.00641711892598,1892,2022-01-10 23:00:00,2282,77.85459460480482,0.5722681836455746,1,Online,59,5096.276615380732,0,23,10,1
241,27.18554242606038,1830,2022-01-11 00:00:00,2373,59.1248358630428,0.2720936802463285,0,Other,22,9443.19584473682,0,0,11,1
242,25.420517132167863,1515,2022-01-11 01:00:00,2702,69.93087011641819,0.5157654931543152,0,Online,37,7872.506549172416,0,1,11,1
243,48.2529491789015,1479,2022-01-11 02:00:00,2451,92.35937017351696,0.1344724121321731,0,Food,47,6915.0901325047735,0,2,11,1
244,38.65841154384127,1398,2022-01-11 03:00:00,2789,24.898259397715726,0.1745842508047409,0,Travel,55,1617.125777271929,0,3,11,1
245,66.64627231049542,1848,2022-01-11 04:00:00,2872,65.35616715581493,0.2188798757268968,0,Travel,63,2524.244090780498,0,4,11,1
246,67.64191353460876,1877,2022-01-11 05:00:00,2552,99.04387605443804,0.2187786756626317,0,Online,43,1848.9856400309243,0,5,11,1
247,95.63285443399356,1965,2022-01-11 06:00:00,2118,64.90209134121136,0.7866977743196337,0,Retail,44,2295.865934658229,0,6,11,1
248,81.69004135988487,1656,2022-01-11 07:00:00,2408,90.59198940509926,0.0065898600587622,0,Other,48,5626.572877353346,0,7,11,1
249,60.724694915321855,1180,2022-01-11 08:00:00,2677,52.49254177338928,0.0271173542793712,0,Online,59,8645.383185655746,0,8,11,1
250,60.55808100557361,1244,2022-01-11 09:00:00,2040,21.65134654738703,0.8702311777696006,0,Retail,46,8723.861426511972,0,9,11,1
251,38.533109535613626,1406,2022-01-11 10:00:00,2007,78.56612335127426,0.6493666203166822,0,Retail,56,6284.73966605261,0,10,11,1
252,39.64193470676073,1546,2022-01-11 11:00:00,2120,80.25449380538134,0.7074811593133916,0,Food,52,6282.241817070153,0,11,11,1
253,52.32859080638063,1316,2022-01-11 12:00:00,2033,15.053521973225672,0.5105081670860443,0,Travel,41,1538.0330397909063,0,12,11,1
254,61.157045133672426,1768,2022-01-11 13:00:00,2764,96.62137605981933,0.281707456377549,0,Retail,35,1824.800520598792,0,13,11,1
255,74.41673714777123,1983,2022-01-11 14:00:00,2903,92.88343588588074,0.8142113446109935,0,Other,42,4754.880201730244,0,14,11,1
256,16.70607949337328,1685,2022-01-11 15:00:00,2242,96.46532589209308,0.7633935853704387,0,Retail,18,3046.120484791152,0,15,11,1
257,23.740319049622585,1441,2022-01-11 16:00:00,2627,71.3379670683811,0.5556280311853758,0,Food,37,7268.827350334111,0,16,11,1
258,72.19579593152234,1198,2022-01-11 17:00:00,2266,64.84821624051361,0.4558990958760039,0,Travel,62,7777.442049198876,0,17,11,1
259,63.92237414443909,1990,2022-01-11 18:00:00,2298,79.51078292588622,0.275612962520994,0,Other,63,7417.757201392173,0,18,11,1
260,32.121734238901404,1893,2022-01-11 19:00:00,2228,35.66109499785723,0.3485183802706245,0,Online,45,9608.40456164155,0,19,11,1
261,61.32263139109206,1558,2022-01-11 20:00:00,2911,34.53383406995822,0.9916263388452976,0,Food,35,9927.157718777764,0,20,11,1
262,54.47433021499057,1995,2022-01-11 21:00:00,2005,18.327174054357272,0.387238274676982,0,Retail,38,2240.517799293388,0,21,11,1
263,27.336940402644966,1253,2022-01-11 22:00:00,2509,11.86341116322519,0.2175426414356537,0,Food,62,5185.762081850918,0,22,11,1
264,31.305825185224148,1455,2022-01-11 23:00:00,2104,26.5734715248705,0.2022063741775694,0,Food,39,3227.699686241868,0,23,11,1
265,41.54205962794481,1017,2022-01-12 00:00:00,2055,29.782455750319624,0.4933083192807312,0,Food,21,5179.000965050205,0,0,12,1
266,32.85924468136734,1393,2022-01-12 01:00:00,2120,59.42213532077228,0.6120335137046751,0,Travel,47,3238.1840967641533,0,1,12,1
267,71.23473259275752,1866,2022-01-12 02:00:00,2088,10.317806918915364,0.3276545412729026,0,Food,35,9510.171443616422,0,2,12,1
268,26.619459510326152,1433,2022-01-12 03:00:00,2681,84.3166959270708,0.8640972249158761,0,Retail,55,6991.289066546222,0,3,12,1
269,56.27958729651075,1229,2022-01-12 04:00:00,2023,36.15552839616184,0.74077886236982,0,Travel,18,7030.677982437504,0,4,12,1
270,79.5393640180564,1786,2022-01-12 05:00:00,2228,27.51526729487366,0.6077520024600808,0,Travel,50,1656.961894267556,0,5,12,1
271,36.75441407266821,1432,2022-01-12 06:00:00,2611,10.83104719865872,0.6208991111145831,1,Other,36,5930.219713566649,1,6,12,1
272,58.17973707615728,1944,2022-01-12 07:00:00,2241,30.82326807262543,0.0443423904348095,1,Travel,51,2462.046546141992,0,7,12,1
273,28.303899974374268,1512,2022-01-12 08:00:00,2779,20.01826492292852,0.4031613295818237,0,Other,64,7327.564000233736,0,8,12,1
274,35.92410077105648,1354,2022-01-12 09:00:00,2262,59.425774167905104,0.9507628829289666,0,Travel,45,3903.794554497941,0,9,12,1
275,78.3127071416263,1873,2022-01-12 10:00:00,2705,49.11928354400872,0.7328517217427827,0,Online,31,4025.34005328352,0,10,12,1
276,35.05265258366971,1405,2022-01-12 11:00:00,2397,27.226847422488543,0.783449780337816,0,Travel,59,9246.516979425342,0,11,12,1
277,70.79730570531635,1958,2022-01-12 12:00:00,2721,41.09922893712948,0.4185392602509085,0,Retail,57,8961.01169238384,0,12,12,1
278,61.10932034404943,1893,2022-01-12 13:00:00,2510,62.47164634932084,0.6520016060332727,0,Other,45,9608.40456164155,0,13,12,1
279,56.754616986193845,1535,2022-01-12 14:00:00,2491,87.47329707970232,0.6129715935210693,0,Food,53,8720.210862779113,0,14,12,1
280,16.219860051456457,1351,2022-01-12 15:00:00,2553,31.214831319840613,0.7701598012954176,0,Retail,32,6685.598453640112,0,15,12,1
281,10.802412944130907,1848,2022-01-12 16:00:00,2714,61.90352457018726,0.7173568735458106,0,Food,63,2524.244090780498,0,16,12,1
282,66.57002449606415,1562,2022-01-12 17:00:00,2713,96.57198893334257,0.5867595351398335,0,Travel,43,9938.92291891054,0,17,12,1
283,26.133992196232175,1817,2022-01-12 18:00:00,2083,37.99213522725594,0.5621896468421762,0,Retail,28,3402.333160813204,0,18,12,1
284,17.31735492821924,1649,2022-01-12 19:00:00,2223,51.99564188670163,0.7037667679921972,0,Other,54,7708.879304387245,0,19,12,1
285,75.32446317385762,1505,2022-01-12 20:00:00,2886,61.43609226237128,0.2649763500619336,0,Retail,33,9012.480649818945,0,20,12,1
286,30.768477767337625,1513,2022-01-12 21:00:00,2287,14.523521313976882,0.119439939441808,0,Travel,47,6238.206319630766,0,21,12,1
287,57.45622413714661,1604,2022-01-12 22:00:00,2328,33.91358309691065,0.5873764896528769,0,Other,36,4470.138105796166,0,22,12,1
288,73.3032970491333,1972,2022-01-12 23:00:00,2808,78.97968795996621,0.8256869130953508,0,Online,39,6552.817252915446,0,23,12,1
289,96.23321419600772,1165,2022-01-13 00:00:00,2492,51.13891597355007,0.7572829171552454,1,Food,48,4115.718543854602,0,0,13,1
290,77.3046654263469,1597,2022-01-13 01:00:00,2039,69.59584396696133,0.9199520465471112,0,Travel,33,7732.131278300012,0,1,13,1
291,62.77388544748326,1462,2022-01-13 02:00:00,2746,66.20543512364335,0.8946864965778659,0,Retail,30,9035.123330226636,0,2,13,1
292,56.5503597491276,1712,2022-01-13 03:00:00,2754,58.01664841377381,0.3964009869235997,0,Retail,58,4878.871298313591,0,3,13,1
293,91.37503293179564,1100,2022-01-13 04:00:00,2038,79.28311196441244,0.2961903751706429,0,Travel,62,2924.235910641115,0,4,13,1
294,35.15145130726461,1009,2022-01-13 05:00:00,2253,16.92260058654751,0.4012329535232043,0,Other,32,5359.747810190935,0,5,13,1
295,34.5208597441328,1770,2022-01-13 06:00:00,2013,22.65471379806029,0.7979050029185851,0,Food,36,6847.49092112656,1,6,13,1
296,95.32857784875084,1678,2022-01-13 07:00:00,2680,12.048607534897886,0.6879926520485328,0,Travel,33,3302.010949050849,1,7,13,1
297,51.40358574104649,1953,2022-01-13 08:00:00,2069,82.52626114093874,0.7405518810727442,0,Retail,18,5323.113544004934,0,8,13,1
298,20.66255752728149,1239,2022-01-13 09:00:00,2745,67.96649542030532,0.3585527610416317,0,Retail,40,8704.182255178053,0,9,13,1
299,53.65543294021365,1322,2022-01-13 10:00:00,2243,87.3613393910834,0.2610608466124333,0,Travel,29,9411.508716680992,0,10,13,1
300,46.2432624020462,1940,2022-01-13 11:00:00,2960,55.29097105603493,0.4914997821568332,0,Other,29,6383.377144880861,0,11,13,1
301,42.303801913906405,1994,2022-01-13 12:00:00,2616,97.05791341411005,0.0525274265761928,0,Retail,63,8791.304688526334,0,12,13,1
302,98.06620816132504,1437,2022-01-13 13:00:00,2869,25.14389827717285,0.1267893006667646,0,Online,19,3712.1659095755263,0,13,13,1
303,61.98793644916741,1135,2022-01-13 14:00:00,2703,51.243510294736616,0.6907669459308304,0,Travel,49,7871.3859110145295,0,14,13,1
304,15.083582510759244,1873,2022-01-13 15:00:00,2280,50.70585723009551,0.8317042766387782,0,Retail,31,4025.34005328352,0,15,13,1
305,79.21418526693257,1233,2022-01-13 16:00:00,2020,44.03294777488758,0.3718737635846537,0,Food,28,8198.17833915617,0,16,13,1
306,14.325618955526988,1701,2022-01-13 17:00:00,2265,18.86049746956485,0.1315993992700281,0,Retail,50,7244.499732255062,0,17,13,1
307,74.04598056616143,1392,2022-01-13 18:00:00,2239,13.478672536399934,0.2694494353927176,0,Travel,37,4900.652704449377,0,18,13,1
308,13.775391834001596,1468,2022-01-13 19:00:00,2020,74.97224620949478,0.7677320347425342,0,Online,45,2410.574676501887,0,19,13,1
309,20.773444943242666,1759,2022-01-13 20:00:00,2401,18.097908364235465,0.1150802937910266,0,Food,33,6608.386988413693,0,20,13,1
310,76.94851055777721,1305,2022-01-13 21:00:00,2469,83.10914211490532,0.0838056407330528,0,Other,23,4624.660778614991,0,21,13,1
311,27.453116490888377,1060,2022-01-13 22:00:00,2864,81.94669264544623,0.0069695841114257,0,Travel,38,9121.230250792947,0,22,13,1
312,61.47768761043001,1557,2022-01-13 23:00:00,2195,18.370412411716973,0.2859944269610791,0,Retail,62,7585.899378417061,0,23,13,1
313,68.64043640103054,1157,2022-01-14 00:00:00,2479,71.94075357934904,0.5813751838547687,0,Online,60,8479.723197096315,1,0,14,1
314,39.75178064381655,1968,2022-01-14 01:00:00,2354,84.89408519676891,0.3179432536869019,0,Other,60,8884.809636830185,0,1,14,1
315,84.98269506569027,1555,2022-01-14 02:00:00,2506,26.085561852185347,0.7364416334829819,0,Travel,45,1776.6329873685736,0,2,14,1
316,29.291555935495328,1112,2022-01-14 03:00:00,2285,65.299832246262,0.781144516158459,0,Other,57,9784.73655418159,0,3,14,1
317,22.18984231519618,1292,2022-01-14 04:00:00,2771,64.93988674382405,0.8705355626587007,0,Online,33,5713.487344025388,0,4,14,1
318,64.22877239230128,1346,2022-01-14 05:00:00,2335,45.88273508416468,0.6173716445774726,0,Retail,36,5760.88763144699,0,5,14,1
319,23.85431432932064,1129,2022-01-14 06:00:00,2787,42.37126163650664,0.8085710538493318,0,Food,39,4396.07692646077,0,6,14,1
320,85.9983524413847,1903,2022-01-14 07:00:00,2261,16.026934488711962,0.8848376456935328,0,Other,18,4718.536567167799,0,7,14,1
321,57.86994336632967,1078,2022-01-14 08:00:00,2142,54.92016403904978,0.9389942798388944,0,Food,32,1689.971098136797,0,8,14,1
322,88.09696867382264,1702,2022-01-14 09:00:00,2894,75.78919810722196,0.3085432272629526,0,Retail,32,4756.907985455394,0,9,14,1
323,10.047488390659712,1466,2022-01-14 10:00:00,2419,87.5490045213581,0.6342225001600693,0,Online,41,2569.1292344962367,0,10,14,1
324,24.83845006368293,1437,2022-01-14 11:00:00,2375,36.01745612017183,0.8321666241180627,0,Retail,19,3712.1659095755263,0,11,14,1
325,47.84508341466206,1783,2022-01-14 12:00:00,2920,49.45731634253127,0.7269899136620447,0,Online,31,9728.45350689531,0,12,14,1
326,14.615120532256274,1695,2022-01-14 13:00:00,2801,94.55363187178202,0.3551479335481227,0,Food,35,8553.03724422807,0,13,14,1
327,60.68884239418577,1172,2022-01-14 14:00:00,2679,12.067869544491092,0.5369987811207021,0,Other,26,3476.6825785674578,0,14,14,1
328,61.232174778009686,1947,2022-01-14 15:00:00,2606,24.06076457273275,0.6319375532388383,0,Food,22,5158.86049650554,0,15,14,1
329,93.37250431864632,1086,2022-01-14 16:00:00,2182,59.29937764417035,0.9565005520133336,0,Food,63,4190.332236711198,0,16,14,1
330,95.76692181306092,1275,2022-01-14 17:00:00,2838,47.67133353601729,0.0665114211885339,1,Food,23,7853.48731434184,0,17,14,1
331,61.88904454076027,1657,2022-01-14 18:00:00,2567,34.97478548680935,0.7919936977724671,0,Other,58,4754.221572747158,0,18,14,1
332,70.86740450604661,1624,2022-01-14 19:00:00,2217,28.35578214518485,0.2217574129478223,1,Travel,18,4741.807018877029,0,19,14,1
333,70.95760928948519,1729,2022-01-14 20:00:00,2211,70.81285453080936,0.0127601291087956,1,Other,29,8202.52650427615,0,20,14,1
334,47.59519154883488,1300,2022-01-14 21:00:00,2474,51.916807419107215,0.9480732830039864,0,Other,40,2446.8989581877204,0,21,14,1
335,84.74839337828455,1311,2022-01-14 22:00:00,2919,94.06588628576188,0.4041609764191658,0,Online,25,9253.478916937507,0,22,14,1
336,64.2996060597047,1280,2022-01-14 23:00:00,2899,64.06478658704091,0.7985862568880285,0,Retail,60,8295.281557902284,0,23,14,1
337,59.06558827131725,1058,2022-01-15 00:00:00,2169,53.56586867960771,0.148080122369467,0,Other,50,5923.741950678233,0,0,15,1
338,59.40095528433461,1724,2022-01-15 01:00:00,2346,21.958819772538543,0.0749136948288784,0,Travel,32,8830.49151334518,0,1,15,1
339,26.18399976018048,1067,2022-01-15 02:00:00,2081,81.11241003559783,0.3973709630787997,0,Travel,36,1555.7402540205333,0,2,15,1
340,69.1723428057365,1438,2022-01-15 03:00:00,2089,55.87043537190193,0.4931273104496825,0,Other,53,1779.9867179354387,0,3,15,1
341,60.74497628008697,1531,2022-01-15 04:00:00,2215,48.30064943325625,0.701630082157656,0,Food,29,3163.588349598883,0,4,15,1
342,60.98699494097934,1832,2022-01-15 05:00:00,2847,10.143338817560196,0.0533305034619242,0,Retail,47,8825.817318912592,0,5,15,1
343,99.61607032247228,1382,2022-01-15 06:00:00,2235,39.32528732599576,0.8573620194529876,0,Other,40,2896.257873108053,0,6,15,1
344,84.49928399139073,1434,2022-01-15 07:00:00,2238,45.51139833022316,0.3375587054538276,0,Other,19,1696.8778839206364,0,7,15,1
345,37.87307960365036,1440,2022-01-15 08:00:00,2363,38.54509215572581,0.8582937624628676,0,Food,23,3930.467974569421,0,8,15,1
346,38.69316720496097,1157,2022-01-15 09:00:00,2571,75.64047375168997,0.6594189574982317,0,Food,60,8479.723197096315,1,9,15,1
347,45.02844839488476,1328,2022-01-15 10:00:00,2382,55.28799945162703,0.982233144189468,0,Other,62,4443.037377459592,0,10,15,1
348,66.4761842492444,1957,2022-01-15 11:00:00,2371,76.78513201977871,0.1976974189811654,0,Online,57,1547.0545755760388,0,11,15,1
349,74.41312191791293,1033,2022-01-15 12:00:00,2813,54.42464188670317,0.1012959291600077,0,Online,50,2042.69235205651,0,12,15,1
350,43.45501371682296,1615,2022-01-15 13:00:00,2836,81.38910741573,0.1252676286090109,0,Online,28,9447.919780990504,0,13,15,1
351,28.343420494036856,1286,2022-01-15 14:00:00,2697,76.11121319258898,0.6250968090329804,0,Food,19,7665.932450291637,0,14,15,1
352,70.0043034747928,1152,2022-01-15 15:00:00,2762,70.42955478894876,0.1457623571613654,0,Food,55,7273.982375653035,0,15,15,1
353,89.08776661986285,1137,2022-01-15 16:00:00,2051,49.05614324658684,0.0345541173441893,0,Other,52,4843.333768944447,0,16,15,1
354,66.08579500983927,1176,2022-01-15 17:00:00,2208,24.820314458083818,0.6253730433627112,0,Travel,20,5493.960539328983,0,17,15,1
355,76.34999350541855,1281,2022-01-15 18:00:00,2661,70.79176647757191,0.5964349376833589,0,Retail,33,3183.466494213557,0,18,15,1
356,60.30707463914428,1788,2022-01-15 19:00:00,2862,32.22567447496344,0.2471082532989105,0,Online,27,4384.800511892174,0,19,15,1
357,33.61255713368315,1048,2022-01-15 20:00:00,2429,50.06525560315955,0.2007972409097866,0,Travel,49,8077.87841230679,0,20,15,1
358,41.6707105414218,1073,2022-01-15 21:00:00,2897,50.13305863195163,0.1206256230589088,0,Food,56,2392.9224118361144,0,21,15,1
359,47.12640903265764,1572,2022-01-15 22:00:00,2859,46.65509369277571,0.2317961719565775,0,Travel,47,2067.485107928368,0,22,15,1
360,41.70586082062327,1264,2022-01-15 23:00:00,2534,16.47168996025796,0.2031701732377904,0,Online,23,6025.002661070012,0,23,15,1
361,42.32811860407804,1864,2022-01-16 00:00:00,2094,76.53717232554115,0.3558289373794184,0,Travel,50,2546.7251962058235,0,0,16,1
362,71.7368591339746,1285,2022-01-16 01:00:00,2271,30.772897574209527,0.5059911088157398,0,Food,47,6040.584196953391,0,1,16,1
363,72.73147248409899,1602,2022-01-16 02:00:00,2287,40.85281886146893,0.4523257975361026,0,Online,40,3812.531832449845,0,2,16,1
364,61.1365320200304,1424,2022-01-16 03:00:00,2929,78.34675383654434,0.8304072019778352,1,Travel,37,4344.549864306991,0,3,16,1
365,40.658978551453465,1214,2022-01-16 04:00:00,2103,81.51690624537433,0.2389827192029654,0,Travel,42,6807.184597663554,0,4,16,1
366,38.31991504407297,1682,2022-01-16 05:00:00,2597,80.29202973692207,0.6574015327292173,0,Other,39,8191.3595726453905,0,5,16,1
367,67.84335713396852,1777,2022-01-16 06:00:00,2279,66.11186189624263,0.8735608699390411,0,Travel,54,7409.497597151173,0,6,16,1
368,39.31159079569777,1272,2022-01-16 07:00:00,2221,24.225467946636424,0.8904604827989656,0,Online,48,5815.458023742309,0,7,16,1
369,70.5201057693231,1427,2022-01-16 08:00:00,2533,20.702028708496577,0.9141230022181618,0,Online,37,6728.011182922345,0,8,16,1
370,81.39167697229831,1159,2022-01-16 09:00:00,2562,91.15475103388754,0.1124166383578301,0,Other,54,5766.570781258057,0,9,16,1
371,41.02830654379494,1339,2022-01-16 10:00:00,2262,50.12328348996043,0.8685587035542267,0,Other,53,7374.113944470907,0,10,16,1
372,63.45304123221416,1855,2022-01-16 11:00:00,2193,66.69191083460314,0.1378371338847532,0,Other,56,3104.726105653679,0,11,16,1
373,71.95418453277574,1825,2022-01-16 12:00:00,2923,77.0163722859036,0.5466640066642461,0,Other,54,4886.010824613629,0,12,16,1
374,74.94314154163287,1967,2022-01-16 13:00:00,2978,88.1879998273516,0.5092080013671066,0,Travel,21,1188.9529915815351,0,13,16,1
375,29.137192085767744,1914,2022-01-16 14:00:00,2497,49.654678943224354,0.4006211268586439,0,Retail,18,6131.253862602764,0,14,16,1
376,30.412437389916438,1311,2022-01-16 15:00:00,2645,13.28764210371413,0.4110693200572858,0,Food,25,9253.478916937507,0,15,16,1
377,94.34946872070527,1416,2022-01-16 16:00:00,2175,79.80653967411521,0.6580933392057444,0,Online,21,9375.112085436744,0,16,16,1
378,25.562897726593995,1586,2022-01-16 17:00:00,2477,43.597486396286506,0.3731622790520421,0,Food,40,4726.937230596973,0,17,16,1
379,95.69370268467728,1482,2022-01-16 18:00:00,2412,50.65348135200409,0.5256057278248182,0,Online,26,2076.8077958585536,0,18,16,1
380,35.73345140902997,1400,2022-01-16 19:00:00,2617,20.487632435112,0.6095947677499761,0,Other,60,8314.951074449971,0,19,16,1
381,60.52724778740764,1764,2022-01-16 20:00:00,2767,29.464748047988685,0.8882806622102359,0,Online,49,7695.154348220063,0,20,16,1
382,16.55367815863712,1397,2022-01-16 21:00:00,2941,78.81163469564767,0.4077261993297481,0,Food,35,9060.932373148074,0,21,16,1
383,27.254337830091647,1423,2022-01-16 22:00:00,2862,47.17712118879283,0.3316617184053101,0,Other,40,7025.452026763664,0,22,16,1
384,31.80425218452422,1516,2022-01-16 23:00:00,2635,96.6389149336172,0.3798793049355229,0,Other,41,8658.737447150934,0,23,16,1
385,55.76476528750271,1180,2022-01-17 00:00:00,2265,49.53962600618495,0.6710949995552724,0,Online,59,8645.383185655746,0,0,17,1
386,72.91097613446743,1750,2022-01-17 01:00:00,2814,77.12273560023978,0.2029273666653296,0,Food,36,8128.690436376383,0,1,17,1
387,71.02737815902991,1836,2022-01-17 02:00:00,2188,98.86850261177064,0.3369032333058752,0,Retail,47,4018.773274033155,0,2,17,1
388,25.85006970131933,1433,2022-01-17 03:00:00,2817,75.98942995326075,0.4087914562083208,0,Travel,55,6991.289066546222,0,3,17,1
389,94.52284775775556,1645,2022-01-17 04:00:00,2399,34.18003279084542,0.3017852440059573,0,Travel,60,2989.523513506344,0,4,17,1
390,71.88748429042212,1108,2022-01-17 05:00:00,2548,93.19802228295498,0.7009297040106874,0,Other,33,7794.946321991311,0,5,17,1
391,60.77755146349649,1653,2022-01-17 06:00:00,2781,39.08024183730484,0.6472340686647303,0,Food,49,7118.115328388019,0,6,17,1
392,83.56995599613906,1995,2022-01-17 07:00:00,2694,93.74254728773693,0.758218468358575,0,Online,38,2240.517799293388,0,7,17,1
393,36.838900427625575,1062,2022-01-17 08:00:00,2479,85.51239290310919,0.5825710700212284,0,Retail,39,8955.195409522166,0,8,17,1
394,30.505413673611777,1802,2022-01-17 09:00:00,2778,29.309316594422505,0.3111348930426981,0,Food,23,6791.878055912904,0,9,17,1
395,15.699212220552296,1723,2022-01-17 10:00:00,2370,21.95823269228834,0.0051582175451717,0,Other,22,3437.6970574467227,0,10,17,1
396,97.54709538756718,1146,2022-01-17 11:00:00,2942,54.49466257076344,0.8742499637987547,0,Food,23,4750.725054794199,0,11,17,1
397,28.914617957341772,1150,2022-01-17 12:00:00,2880,90.38738784904037,0.8473010398309025,0,Food,52,7476.989180248455,0,12,17,1
398,40.36412587140183,1244,2022-01-17 13:00:00,2907,35.656275622613975,0.4686762984940886,0,Online,46,8723.861426511972,0,13,17,1
399,71.44717321901103,1807,2022-01-17 14:00:00,2359,53.71305743046974,0.7783585841491674,0,Retail,59,9618.239692586712,0,14,17,1
400,94.81678805829148,1345,2022-01-17 15:00:00,2329,12.078964200398689,0.6492773003309911,0,Travel,52,7264.807041213747,0,15,17,1
401,73.49337233388856,1540,2022-01-17 16:00:00,2933,11.86989716253304,0.1610102850641417,0,Online,34,7984.455061795056,0,16,17,1
402,60.43128926324833,1709,2022-01-17 17:00:00,2968,64.46677075330743,0.868924936481251,0,Other,42,4061.519363599025,0,17,17,1
403,23.412394540837305,1120,2022-01-17 18:00:00,2955,85.03298823557836,0.1298690814728298,0,Retail,47,7450.419004134611,0,18,17,1
404,60.60671051232616,1144,2022-01-17 19:00:00,2755,73.9220435199139,0.3912918746212878,0,Travel,40,8451.465531226357,0,19,17,1
405,83.55191142615169,1578,2022-01-17 20:00:00,2773,54.94551194013814,0.4430814702677387,0,Other,29,4571.53943970017,0,20,17,1
406,16.358985768519588,1586,2022-01-17 21:00:00,2449,37.19806891189177,0.4128823199735548,0,Online,40,4726.937230596973,0,21,17,1
407,28.04993891463165,1943,2022-01-17 22:00:00,2049,46.3097495781524,0.3427835466170711,0,Online,26,1418.3050062770094,0,22,17,1
408,83.24582001706487,1977,2022-01-17 23:00:00,2288,93.33582376428096,0.93154552891716,0,Food,40,3066.436106887358,0,23,17,1
409,12.826814822817395,1717,2022-01-18 00:00:00,2592,34.311791443000004,0.5852580309755736,1,Retail,51,5002.071361994263,0,0,18,1
410,25.0084947085094,1350,2022-01-18 01:00:00,2974,84.20239258527035,0.1611616254570316,0,Other,49,3431.9397182364382,0,1,18,1
411,98.3970945564576,1530,2022-01-18 02:00:00,2620,61.27777287808618,0.5144737947345454,0,Food,62,9391.394447653209,0,2,18,1
412,86.78591683383922,1814,2022-01-18 03:00:00,2703,94.17463250759084,0.5284648108863889,0,Other,28,6484.64781184804,0,3,18,1
413,98.50040705533956,1208,2022-01-18 04:00:00,2079,98.81986154027904,0.01410023789981,0,Retail,64,8321.692175664655,0,4,18,1
414,69.88048811693454,1214,2022-01-18 05:00:00,2564,98.46506212715911,0.0304469389906831,0,Travel,42,6807.184597663554,0,5,18,1
415,58.78615442613221,1904,2022-01-18 06:00:00,2272,28.157020764165203,0.3647035788076702,0,Other,36,4839.488862221655,0,6,18,1
416,76.9300755910293,1875,2022-01-18 07:00:00,2028,55.21552027104936,0.828533445058327,0,Food,56,6852.231767864815,0,7,18,1
417,84.73217509479606,1480,2022-01-18 08:00:00,2638,10.057863646142923,0.6274631866940125,0,Food,26,7269.75604357179,0,8,18,1
418,14.19155734948768,1282,2022-01-18 09:00:00,2994,76.2766117703057,0.6267284710613488,0,Other,39,7308.69730189397,0,9,18,1
419,41.354180924006975,1109,2022-01-18 10:00:00,2356,66.2294875840379,0.1949825658110274,0,Retail,63,8085.065244586696,0,10,18,1
420,79.33627628450796,1304,2022-01-18 11:00:00,2997,38.9607820625247,0.0069085722737294,0,Retail,62,9631.517578499512,0,11,18,1
421,26.24046796545926,1906,2022-01-18 12:00:00,2476,59.356758088435065,0.1718558466600286,0,Travel,47,8161.509839907068,0,12,18,1
422,66.95973903298082,1218,2022-01-18 13:00:00,2547,70.78871654649292,0.0094157837887031,0,Travel,63,8922.535956808442,0,13,18,1
423,17.825253318757426,1773,2022-01-18 14:00:00,2533,82.32764565165749,0.9615069742223832,0,Other,24,1087.073831326731,0,14,18,1
424,65.62243454329231,1666,2022-01-18 15:00:00,2708,89.1055138692098,0.3375821275380801,0,Retail,36,9674.062164262285,0,15,18,1
425,52.91248936316756,1708,2022-01-18 16:00:00,2325,33.55701585109611,0.5195159613350959,0,Online,30,2877.527130943666,0,16,18,1
426,54.95473462280644,1389,2022-01-18 17:00:00,2138,17.4792547126216,0.5636475976544718,0,Online,61,1815.8344067650537,0,17,18,1
427,57.04065911383756,1026,2022-01-18 18:00:00,2644,92.36977334658442,0.221038682624785,0,Travel,58,8091.736701622896,0,18,18,1
428,11.567143945631798,1293,2022-01-18 19:00:00,2369,20.79480941546964,0.6339060442714397,0,Food,51,3955.560715841445,0,19,18,1
429,50.4900697444044,1518,2022-01-18 20:00:00,2797,79.88756388926207,0.3775572655238359,0,Other,19,1512.263352658831,0,20,18,1
430,26.73357583443433,1167,2022-01-18 21:00:00,2004,77.48594613374806,0.0969676580796811,0,Retail,33,4121.316624748486,0,21,18,1
431,70.34986000122497,1713,2022-01-18 22:00:00,2099,56.42352713106991,0.668503877155413,0,Online,57,6676.1352986076445,1,22,18,1
432,82.1111607613807,1972,2022-01-18 23:00:00,2635,15.163433260690956,0.044166624020332,0,Retail,39,6552.817252915446,0,23,18,1
433,26.719047821992245,1213,2022-01-19 00:00:00,2286,66.28975654227833,0.2401035523725546,0,Retail,23,2478.8342993715314,0,0,19,1
434,31.736387333577436,1571,2022-01-19 01:00:00,2362,60.814902227196114,0.974277996904349,0,Online,24,9122.326240080129,0,1,19,1
435,23.73086258823552,1886,2022-01-19 02:00:00,2360,57.753818183479325,0.4812591323208441,0,Other,37,9467.31225148779,0,2,19,1
436,44.49934478211936,1658,2022-01-19 03:00:00,2784,88.25312681234051,0.7285287577126686,0,Travel,44,6506.933648420445,0,3,19,1
437,20.32425877023761,1155,2022-01-19 04:00:00,2888,13.179436933907718,0.8830880059666149,0,Retail,61,4698.084283636987,0,4,19,1
438,38.41693891133238,1190,2022-01-19 05:00:00,2675,79.49662316110677,0.6005404852186255,1,Food,24,8351.891276695285,0,5,19,1
439,90.96302095740636,1190,2022-01-19 06:00:00,2113,35.00140428242311,0.5237677146618158,0,Food,24,8351.891276695285,0,6,19,1
440,86.5937053715803,1175,2022-01-19 07:00:00,2760,87.64706513485294,0.281835867113636,0,Food,26,5113.282346727997,0,7,19,1
441,59.292725283190485,1376,2022-01-19 08:00:00,2204,94.52720429262942,0.8726630093340163,0,Online,53,5745.127918765053,0,8,19,1
442,92.38660636515849,1330,2022-01-19 09:00:00,2398,91.34460458205795,0.386953239126781,0,Other,63,8773.956940488475,1,9,19,1
443,48.00091682800642,1018,2022-01-19 10:00:00,2275,97.04398304186093,0.338016679808673,0,Food,28,2727.830524924492,0,10,19,1
444,76.41250123375404,1512,2022-01-19 11:00:00,2539,35.906013786922166,0.8195610642467348,0,Retail,64,7327.564000233736,0,11,19,1
445,12.79231871756009,1704,2022-01-19 12:00:00,2717,55.91742368489551,0.2337893882020584,0,Retail,23,1670.4930903743175,0,12,19,1
446,21.93791661410581,1059,2022-01-19 13:00:00,2706,86.8363757086116,0.3686420002198971,0,Other,42,4450.429068562766,0,13,19,1
447,73.16714728850143,1608,2022-01-19 14:00:00,2409,33.6914080147524,0.7210381867523538,0,Online,28,4084.721807054024,0,14,19,1
448,62.874333971672,1240,2022-01-19 15:00:00,2079,59.631169460802525,0.0469248431029969,0,Online,43,1883.4867347636705,0,15,19,1
449,12.95472549914229,1358,2022-01-19 16:00:00,2597,68.98309529639025,0.8766561963606543,0,Retail,51,7039.2748357039445,0,16,19,1
450,11.167088142720043,1004,2022-01-19 17:00:00,2184,85.08506109754073,0.5258094625332785,0,Other,30,3101.509133840253,0,17,19,1
451,76.89786951844191,1902,2022-01-19 18:00:00,2324,55.72748196444231,0.8466362648355847,0,Food,35,6370.257414195333,0,18,19,1
452,63.342656568436645,1775,2022-01-19 19:00:00,2826,52.93669296798137,0.7841076684132207,0,Online,45,1770.7471891361597,0,19,19,1
453,62.90008313642736,1927,2022-01-19 20:00:00,2893,52.4160660929501,0.9348507665803928,0,Other,44,9151.596943695971,0,20,19,1
454,82.94038053812939,1255,2022-01-19 21:00:00,2371,63.639157092267126,0.8019799729662566,0,Retail,32,5672.324719130025,0,21,19,1
455,58.10792253138713,1827,2022-01-19 22:00:00,2981,17.641142317760245,0.9338780219683108,0,Food,21,4559.447920551074,0,22,19,1
456,10.58886273242011,1191,2022-01-19 23:00:00,2645,13.352825271576574,0.0314172736699124,0,Retail,60,5413.974090650807,0,23,19,1
457,73.61390202453833,1266,2022-01-20 00:00:00,2060,47.84000801700508,0.071081058330728,0,Online,50,1773.8085062866285,0,0,20,1
458,35.290104499573374,1786,2022-01-20 01:00:00,2625,12.811154127567958,0.931140005866545,0,Retail,50,1656.961894267556,0,1,20,1
459,40.22710518557125,1024,2022-01-20 02:00:00,2850,60.05883679842616,0.3161546261299969,0,Travel,40,1795.3282266181373,0,2,20,1
460,83.69207703681916,1417,2022-01-20 03:00:00,2019,23.3046139889796,0.4147382952388698,0,Retail,30,1735.145764061658,0,3,20,1
461,27.578224851691395,1283,2022-01-20 04:00:00,2374,57.62801474687827,0.4154593404725986,0,Food,63,9408.482074265525,0,4,20,1
462,53.23106554463996,1462,2022-01-20 05:00:00,2630,44.4946875885166,0.2487087567939133,0,Food,30,9035.123330226636,0,5,20,1
463,44.86059945676822,1623,2022-01-20 06:00:00,2984,71.39490628695674,0.2480703985398326,0,Food,34,2341.7106823841923,0,6,20,1
464,15.721131427539593,1615,2022-01-20 07:00:00,2225,55.76670588526584,0.2239728305610212,0,Travel,28,9447.919780990504,0,7,20,1
465,96.77041059859228,1488,2022-01-20 08:00:00,2380,58.74144774641283,0.7598616632848315,0,Retail,31,6215.272749963036,0,8,20,1
466,88.22726088325255,1144,2022-01-20 09:00:00,2178,77.05180171622311,0.4376424171959825,0,Food,40,8451.465531226357,0,9,20,1
467,39.62535994411866,1979,2022-01-20 10:00:00,2533,13.272450742726177,0.8107127683094543,0,Other,20,8722.686489131847,0,10,20,1
468,91.1696888971712,1008,2022-01-20 11:00:00,2468,96.0326567388867,0.3267347500625877,0,Retail,21,8303.773585052018,0,11,20,1
469,62.87616987614589,1497,2022-01-20 12:00:00,2544,44.707442062607065,0.772037324050903,0,Travel,43,5271.417002663421,0,12,20,1
470,47.28406366967809,1702,2022-01-20 13:00:00,2875,91.2480973104991,0.953843575921074,0,Food,32,4756.907985455394,0,13,20,1
471,57.86820257846373,1696,2022-01-20 14:00:00,2629,49.03884567172364,0.1589909742837219,0,Travel,22,6165.705182432255,0,14,20,1
472,19.423373683323028,1969,2022-01-20 15:00:00,2323,26.20528237108092,0.8002727183113773,0,Travel,43,7004.948613453739,0,15,20,1
473,54.46741969722593,1807,2022-01-20 16:00:00,2874,53.3480982900664,0.8069519363247476,0,Food,59,9618.239692586712,0,16,20,1
474,47.2247769165285,1124,2022-01-20 17:00:00,2519,42.845963719216265,0.2191924442418531,0,Food,45,6746.988789784419,0,17,20,1
475,64.7020765138534,1912,2022-01-20 18:00:00,2672,87.58507248999499,0.3483601080693872,0,Other,45,9262.124940491196,0,18,20,1
476,54.66513489536387,1315,2022-01-20 19:00:00,2976,75.82077035751816,0.1169527989236673,0,Online,51,3432.0462856822232,0,19,20,1
477,93.94593260347892,1357,2022-01-20 20:00:00,2711,24.96992408493694,0.0714675533163863,0,Travel,45,9999.776238940984,0,20,20,1
478,69.7694462534096,1851,2022-01-20 21:00:00,2154,73.92469444366051,0.4035191003752475,0,Food,21,3527.228702949211,0,21,20,1
479,40.104020200685696,1202,2022-01-20 22:00:00,2597,98.07924918264038,0.61037694535367,0,Food,52,3143.9314064704977,0,22,20,1
480,60.89811247736398,1834,2022-01-20 23:00:00,2165,76.64636022941446,0.5808139778976218,0,Online,41,7732.401836922855,0,23,20,1
481,44.37900942452836,1944,2022-01-21 00:00:00,2355,48.91908225486959,0.4932231842612283,0,Online,51,2462.046546141992,0,0,21,1
482,70.04776805143774,1573,2022-01-21 01:00:00,2584,98.51810619237244,0.7061402300427333,0,Food,35,8400.252361437635,1,1,21,1
483,36.97154016926994,1943,2022-01-21 02:00:00,2766,75.55592369606184,0.5215151917824524,0,Retail,26,1418.3050062770094,0,2,21,1
484,12.787029418188828,1219,2022-01-21 03:00:00,2136,18.228977090203863,0.5399504949598766,0,Travel,23,7649.649301190314,0,3,21,1
485,58.70630745788713,1223,2022-01-21 04:00:00,2111,43.9710792610713,0.0431398897688446,0,Other,20,8213.34489132453,0,4,21,1
486,45.96479075728064,1753,2022-01-21 05:00:00,2730,76.34450065125682,0.2820832692179645,0,Food,52,3905.923034276328,0,5,21,1
487,22.088313163352225,1699,2022-01-21 06:00:00,2663,99.78432334104625,0.7338489096162989,0,Other,23,5295.868005834597,0,6,21,1
488,95.79803309772218,1862,2022-01-21 07:00:00,2465,30.08067570009432,0.1961923594031581,0,Travel,35,6507.032237116073,0,7,21,1
489,19.07706730811892,1197,2022-01-21 08:00:00,2261,23.859270314003528,0.8006561489414211,0,Food,18,3525.504348282963,0,8,21,1
490,61.482473424574415,1690,2022-01-21 09:00:00,2922,34.818813933039934,0.6757477268047949,0,Other,24,5729.012454195284,0,9,21,1
491,69.91745393115764,1207,2022-01-21 10:00:00,2866,16.834526209015557,0.3515756114166093,0,Other,38,5655.630625853387,0,10,21,1
492,17.903935219000818,1122,2022-01-21 11:00:00,2616,29.26918585734194,0.7727275538583714,0,Travel,54,4998.111232701779,0,11,21,1
493,22.27135442311328,1626,2022-01-21 12:00:00,2837,59.67109549021307,0.4942559626588434,0,Other,43,2802.599688947567,0,12,21,1
494,21.08546901703194,1931,2022-01-21 13:00:00,2901,52.54831730003369,0.4786464276361842,0,Travel,26,6474.825824609259,0,13,21,1
495,32.92013195873318,1343,2022-01-21 14:00:00,2397,80.31494214920204,0.1591698486560371,0,Other,48,8272.536631790612,0,14,21,1
496,38.411192485188,1126,2022-01-21 15:00:00,2164,72.22326538432765,0.8041714286503358,0,Travel,27,7080.103438619933,0,15,21,1
497,69.39748498852232,1405,2022-01-21 16:00:00,2785,19.18059204736145,0.3302037132127945,0,Travel,59,9246.516979425342,0,16,21,1
498,65.61696394010804,1587,2022-01-21 17:00:00,2583,56.83343011703311,0.199885053475984,0,Online,41,8573.123086384709,0,17,21,1
499,25.40830020808809,1276,2022-01-21 18:00:00,2733,60.60527992897917,0.2560597429293317,0,Travel,31,4961.926428913047,0,18,21,1
500,67.29044394590485,1441,2022-01-21 19:00:00,2187,21.63628002156784,0.093706877838776,0,Food,37,7268.827350334111,0,19,21,1
501,91.6907402268582,1618,2022-01-21 20:00:00,2904,80.56381315391081,0.3759062247125273,0,Travel,27,6741.429339282374,0,20,21,1
502,77.4561808153056,1484,2022-01-21 21:00:00,2080,87.96458747932651,0.9545849819219668,0,Retail,21,8149.305816264029,0,21,21,1
503,45.158314001601454,1655,2022-01-21 22:00:00,2127,72.76321184049728,0.6785648733531388,0,Online,50,2152.9921898737,0,22,21,1
504,93.49535668273188,1025,2022-01-21 23:00:00,2128,10.905845947871857,0.5714744224253233,0,Other,18,4450.390070063062,0,23,21,1
505,53.931161018025975,1794,2022-01-22 00:00:00,2984,41.78574540544385,0.485176949493743,0,Travel,48,8336.538200756011,0,0,22,1
506,81.71166645699894,1295,2022-01-22 01:00:00,2857,88.89654527087248,0.5391930404729627,0,Other,60,5483.470359081937,0,1,22,1
507,59.46381398714095,1741,2022-01-22 02:00:00,2991,77.98288716478888,0.7511914943522533,0,Travel,33,9992.49572887844,0,2,22,1
508,14.139387559786153,1266,2022-01-22 03:00:00,2772,91.6641527939692,0.2106717023337655,0,Online,50,1773.8085062866285,0,3,22,1
509,61.48081498804065,1600,2022-01-22 04:00:00,2208,55.99920313978915,0.6863024647194603,0,Other,55,9402.340679191357,0,4,22,1
510,56.79197048335646,1825,2022-01-22 05:00:00,2315,23.45026384021462,0.9059701878428492,0,Other,54,4886.010824613629,0,5,22,1
511,54.78567418688587,1174,2022-01-22 06:00:00,2007,29.485434421487906,0.2556055258502914,0,Other,27,9301.241150618618,0,6,22,1
512,23.521178993762483,1792,2022-01-22 07:00:00,2096,42.08658989934876,0.358194862777846,0,Travel,28,7699.460321299333,0,7,22,1
513,57.82044734885588,1613,2022-01-22 08:00:00,2867,64.97010131569849,0.6472169153955154,0,Food,21,8486.464783345322,0,8,22,1
514,47.31206587825806,1562,2022-01-22 09:00:00,2841,21.796197745089465,0.6932420142873471,0,Travel,43,9938.92291891054,0,9,22,1
515,25.03864028565554,1265,2022-01-22 10:00:00,2268,45.52564850769525,0.8925939828354749,0,Food,47,7502.562160892314,0,10,22,1
516,19.74409229922852,1360,2022-01-22 11:00:00,2352,74.36791474172722,0.3343613352889214,0,Travel,55,6839.033502010339,0,11,22,1
517,63.14752710370071,1356,2022-01-22 12:00:00,2372,19.508543963332247,0.173290010578529,0,Retail,44,7927.594272471447,0,12,22,1
518,77.02315549089194,1352,2022-01-22 13:00:00,2444,58.71501977905394,0.6302915926782255,0,Other,20,8130.737892776473,0,13,22,1
519,42.6041988042216,1697,2022-01-22 14:00:00,2038,49.41620363376524,0.3250686913417957,1,Other,59,6865.652981348801,0,14,22,1
520,98.59494640028537,1050,2022-01-22 15:00:00,2933,45.505085906455086,0.6238651273078697,0,Online,57,7921.752971281453,0,15,22,1
521,29.32097037446717,1604,2022-01-22 16:00:00,2415,72.13402240525451,0.5216001080391224,0,Food,36,4470.138105796166,0,16,22,1
522,26.18436652741295,1608,2022-01-22 17:00:00,2705,65.68261892111595,0.933887483919026,0,Food,28,4084.721807054024,0,17,22,1
523,10.933045904656083,1318,2022-01-22 18:00:00,2090,77.91709089903293,0.1649689650904061,0,Other,61,3354.518348759637,0,18,22,1
524,53.8004241417046,1503,2022-01-22 19:00:00,2101,66.31709715541066,0.2524872978016569,0,Retail,37,4370.431521920184,0,19,22,1
525,28.32936501855892,1029,2022-01-22 20:00:00,2954,51.65768770234823,0.4390107433850064,0,Travel,37,8467.122622743587,0,20,22,1
526,76.27368428978873,1052,2022-01-22 21:00:00,2066,45.90027099168569,0.143270469987192,0,Food,38,7224.6321196105455,0,21,22,1
527,39.82600629262846,1111,2022-01-22 22:00:00,2670,99.16801168992616,0.2726297489815542,0,Other,32,7980.849544448291,0,22,22,1
528,70.00810139898996,1501,2022-01-22 23:00:00,2200,75.62932808638742,0.7471238062986284,0,Travel,48,2342.874350139253,0,23,22,1
529,89.71731744470446,1828,2022-01-23 00:00:00,2833,29.501643167539346,0.6645510965352156,0,Food,62,2077.514821107271,0,0,23,1
530,27.25454050385736,1231,2022-01-23 01:00:00,2203,32.12537893165401,0.3017661210442771,0,Online,63,1631.0607959675435,0,1,23,1
531,42.27816571071364,1978,2022-01-23 02:00:00,2255,67.39074019819041,0.3309947313543306,0,Retail,51,7710.801194598957,0,2,23,1
532,57.13668560793148,1496,2022-01-23 03:00:00,2359,28.47403121032192,0.4691574673531847,0,Other,34,8472.420333363536,0,3,23,1
533,81.49987554510696,1629,2022-01-23 04:00:00,2660,36.28961236138732,0.5016200072084841,0,Food,33,2866.801210289628,0,4,23,1
534,49.1099285143028,1477,2022-01-23 05:00:00,2489,21.968376497985467,0.264070039171332,0,Other,31,4219.355106273666,0,5,23,1
535,42.02200366989237,1425,2022-01-23 06:00:00,2499,76.87093769792966,0.2721990921548431,0,Online,56,6441.933112929328,0,6,23,1
536,80.51907113899962,1837,2022-01-23 07:00:00,2538,97.24429792666592,0.9182304981561936,0,Food,29,2223.166957758453,0,7,23,1
537,95.2233254396807,1954,2022-01-23 08:00:00,2553,44.07973869795079,0.4595266917617078,0,Other,46,1418.0012283313492,0,8,23,1
538,77.11603142702253,1146,2022-01-23 09:00:00,2308,28.86185266819369,0.191402885678013,0,Food,23,4750.725054794199,0,9,23,1
539,59.58695557387782,1591,2022-01-23 10:00:00,2830,80.17991437866195,0.1822368184383684,0,Food,36,7962.41027548533,0,10,23,1
540,44.12676518046912,1764,2022-01-23 11:00:00,2684,22.02946182203776,0.5851802736554172,0,Online,49,7695.154348220063,0,11,23,1
541,69.23669463993528,1510,2022-01-23 12:00:00,2934,80.31781130411882,0.4805409002380162,0,Other,53,7685.510723404021,0,12,23,1
542,44.09464247346977,1382,2022-01-23 13:00:00,2657,77.2385186191252,0.5685122195832132,0,Food,40,2896.257873108053,0,13,23,1
543,99.7753583900932,1439,2022-01-23 14:00:00,2379,49.85472624403858,0.8320117134465028,0,Travel,47,8557.608088738338,0,14,23,1
544,52.99118399043776,1955,2022-01-23 15:00:00,2643,20.295347919606144,0.4768124088601617,0,Retail,34,9288.355524766564,0,15,23,1
545,68.36571539188091,1016,2022-01-23 16:00:00,2264,46.78951927456144,0.8104288293091033,0,Other,22,8612.857297188031,0,16,23,1
546,12.301068214462283,1460,2022-01-23 17:00:00,2784,71.10757833788674,0.827116638876693,0,Travel,29,5363.917913443514,0,17,23,1
547,98.64640220462732,1073,2022-01-23 18:00:00,2365,14.024762382450913,0.3061671106089534,0,Food,56,2392.9224118361144,0,18,23,1
548,85.31413995164209,1814,2022-01-23 19:00:00,2515,76.1251576888117,0.4135308269157837,0,Retail,28,6484.64781184804,0,19,23,1
549,21.032649355713,1660,2022-01-23 20:00:00,2028,25.07008358563905,0.3586166662378,1,Food,34,6435.390885417858,0,20,23,1
550,82.00373953388333,1204,2022-01-23 21:00:00,2329,31.6140354559968,0.9527556188400648,0,Food,45,3152.247786827239,0,21,23,1
551,82.16413416183838,1897,2022-01-23 22:00:00,2823,64.56228438413495,0.7647580142112145,0,Food,27,2518.7388735597933,0,22,23,1
552,30.561099365798057,1260,2022-01-23 23:00:00,2325,42.93345792371143,0.8539408620605459,0,Retail,64,4878.415267175985,0,23,23,1
553,52.69894800838486,1507,2022-01-24 00:00:00,2126,35.565541733174896,0.2890093311778844,1,Food,39,4994.358137921838,1,0,24,1
554,66.54225115991392,1119,2022-01-24 01:00:00,2309,22.58265333635443,0.2028945147901161,0,Retail,61,6254.404271155562,0,1,24,1
555,66.48799723490322,1141,2022-01-24 02:00:00,2140,14.597041829893008,0.1450040052616865,0,Online,28,4082.516866288421,0,2,24,1
556,74.17323414002594,1822,2022-01-24 03:00:00,2730,55.25302445396565,0.2638992188683519,0,Retail,44,8603.321935277745,0,3,24,1
557,66.24446927138561,1307,2022-01-24 04:00:00,2301,58.845687841143416,0.7081166726390359,0,Food,31,8449.539575651721,0,4,24,1
558,18.424787046927303,1176,2022-01-24 05:00:00,2743,57.22281084326793,0.065989495975014,0,Food,20,5493.960539328983,0,5,24,1
559,96.40709405350066,1634,2022-01-24 06:00:00,2570,98.8018167083342,0.0003129210023212,0,Food,44,5302.392311164256,0,6,24,1
560,37.37105363161972,1289,2022-01-24 07:00:00,2283,63.46213451883141,0.2511722043323737,0,Food,31,9393.91094329131,0,7,24,1
561,57.89155841423759,1923,2022-01-24 08:00:00,2791,49.08960789819064,0.3653544010626799,0,Other,41,3340.637585647107,0,8,24,1
562,65.14444373979248,1668,2022-01-24 09:00:00,2501,80.73234232826634,0.2611520209387087,0,Other,47,7721.503341582387,0,9,24,1
563,50.9463446687639,1732,2022-01-24 10:00:00,2123,28.1947094530454,0.7625315087868267,0,Retail,42,6497.372202846478,0,10,24,1
564,90.15169745639956,1666,2022-01-24 11:00:00,2879,28.08181245957889,0.2527998087414366,0,Online,36,9674.062164262285,0,11,24,1
565,49.695996077348,1624,2022-01-24 12:00:00,2212,71.22961283863575,0.689377718975578,0,Food,18,4741.807018877029,0,12,24,1
566,71.98504539358078,1786,2022-01-24 13:00:00,2559,12.947838155574916,0.4503954900089659,0,Other,50,1656.961894267556,0,13,24,1
567,39.17632975406391,1019,2022-01-24 14:00:00,2444,12.481657914339143,0.0544760907055447,0,Retail,37,3797.734535980661,0,14,24,1
568,50.82386517906335,1978,2022-01-24 15:00:00,2112,65.99753207862302,0.8192144188445474,0,Online,51,7710.801194598957,0,15,24,1
569,85.30076766804406,1655,2022-01-24 16:00:00,2922,73.61284284094162,0.108578431973914,0,Food,50,2152.9921898737,0,16,24,1
570,80.89642698729558,1264,2022-01-24 17:00:00,2129,45.70892854469648,0.7705794406270359,0,Travel,23,6025.002661070012,0,17,24,1
571,55.69524903185309,1487,2022-01-24 18:00:00,2739,23.20161468546752,0.707336006974676,0,Travel,51,8466.092665203068,0,18,24,1
572,88.50391549409335,1219,2022-01-24 19:00:00,2008,23.830703133369354,0.6157921144429012,0,Online,23,7649.649301190314,0,19,24,1
573,75.88625236108902,1102,2022-01-24 20:00:00,2227,60.08855743019992,0.4324468689113392,0,Travel,28,7398.457248836791,0,20,24,1
574,35.17601923028805,1799,2022-01-24 21:00:00,2970,95.82571214849716,0.1710115790912348,0,Online,24,4309.686014500232,0,21,24,1
575,62.98349325215778,1137,2022-01-24 22:00:00,2380,90.20980446696748,0.2413802893802608,0,Retail,52,4843.333768944447,0,22,24,1
576,97.0455292967774,1125,2022-01-24 23:00:00,2736,73.46425263287489,0.6122810354811906,0,Food,58,8801.922036350712,0,23,24,1
577,76.76312543775113,1051,2022-01-25 00:00:00,2601,86.65348344932752,0.0305014318747617,0,Other,30,4620.924284406736,0,0,25,1
578,62.16550879121196,1268,2022-01-25 01:00:00,2748,77.29106098329157,0.4535346052163812,0,Travel,40,5840.971694574231,0,1,25,1
579,28.500072838813903,1882,2022-01-25 02:00:00,2783,34.84523603737763,0.925580638429988,0,Travel,36,3608.806985905158,0,2,25,1
580,39.91796998566471,1751,2022-01-25 03:00:00,2885,27.27425252534787,0.7285583233202351,0,Online,35,3532.245916328434,0,3,25,1
581,84.49886009864518,1769,2022-01-25 04:00:00,2471,27.776210631878016,0.6151318749918973,0,Travel,34,9517.546957003367,0,4,25,1
582,78.29820914461888,1853,2022-01-25 05:00:00,2707,66.42840133897653,0.8943598440260031,0,Online,30,1767.822690779924,0,5,25,1
583,79.20261479658105,1622,2022-01-25 06:00:00,2734,66.98557249521411,0.6783994733870634,0,Online,21,5611.751690912045,0,6,25,1
584,50.31919078514007,1412,2022-01-25 07:00:00,2641,70.96202152646335,0.7143370523798596,0,Online,19,2730.960169902813,0,7,25,1
585,18.479134277595005,1036,2022-01-25 08:00:00,2362,96.86197649100174,0.2951400443856831,0,Online,37,9381.14521854332,0,8,25,1
586,55.648967645299344,1665,2022-01-25 09:00:00,2700,75.70566038140832,0.8958436085336823,0,Travel,30,5714.503201422603,0,9,25,1
587,72.41360119397154,1299,2022-01-25 10:00:00,2881,79.87859224113026,0.3281384083244372,0,Food,31,4661.555925923707,0,10,25,1
588,74.32146924411033,1351,2022-01-25 11:00:00,2142,63.01423970331876,0.6108114169536368,0,Other,32,6685.598453640112,0,11,25,1
589,25.97962923980079,1096,2022-01-25 12:00:00,2749,97.12673921424852,0.4570518240336341,0,Travel,57,6439.7423175111935,0,12,25,1
590,70.54331536441717,1299,2022-01-25 13:00:00,2460,68.27403800691818,0.7297890965313768,0,Food,31,4661.555925923707,0,13,25,1
591,82.50807121975488,1367,2022-01-25 14:00:00,2709,18.78711993666675,0.9740997104770862,0,Travel,19,6381.958127861724,0,14,25,1
592,57.87803871732218,1315,2022-01-25 15:00:00,2256,73.96965272229485,0.043564933200842,0,Retail,51,3432.0462856822232,0,15,25,1
593,27.87987923354001,1531,2022-01-25 16:00:00,2091,33.885862957067665,0.9895083933199876,0,Other,29,3163.588349598883,0,16,25,1
594,22.01321045011379,1796,2022-01-25 17:00:00,2176,10.143274797457426,0.1232781302446439,0,Other,33,5588.049941710766,0,17,25,1
595,14.71386198547468,1340,2022-01-25 18:00:00,2387,89.72475793223832,0.6844904001802953,0,Other,43,7309.477444001682,0,18,25,1
596,44.32303083127752,1973,2022-01-25 19:00:00,2444,86.91609663853549,0.3896075179244328,0,Travel,29,9772.83232034302,0,19,25,1
597,93.92398331455088,1626,2022-01-25 20:00:00,2486,24.23981157268908,0.0033134615369962,0,Food,43,2802.599688947567,0,20,25,1
598,13.912774695481485,1558,2022-01-25 21:00:00,2979,72.91096186749405,0.909676443687015,0,Retail,35,9927.157718777764,0,21,25,1
599,81.80865066013159,1005,2022-01-25 22:00:00,2191,82.85202509457709,0.6614929579114033,0,Other,46,5405.766913696731,0,22,25,1
600,49.6812699232487,1510,2022-01-25 23:00:00,2131,60.49814143710503,0.4684326166652233,0,Food,53,7685.510723404021,0,23,25,1
601,74.02517524763373,1565,2022-01-26 00:00:00,2489,83.12195363634069,0.0187944115062532,0,Retail,33,8921.44288847097,0,0,26,1
602,71.2219055244872,1573,2022-01-26 01:00:00,2383,28.88706840673035,0.3261839931966841,0,Retail,35,8400.252361437635,1,1,26,1
603,45.39753678823229,1691,2022-01-26 02:00:00,2677,64.63368175495438,0.6413030905263242,0,Travel,47,6089.047769259954,0,2,26,1
604,68.30467542833836,1176,2022-01-26 03:00:00,2175,94.80117505157018,0.2655540349578368,0,Travel,20,5493.960539328983,0,3,26,1
605,30.699545031070528,1470,2022-01-26 04:00:00,2023,80.11902469129403,0.8398100954746966,0,Other,26,5964.380701095596,0,4,26,1
606,55.29436013469146,1174,2022-01-26 05:00:00,2637,36.05423423201009,0.7108090523094975,0,Online,27,9301.241150618618,0,5,26,1
607,58.881829218778016,1289,2022-01-26 06:00:00,2365,49.12298790567034,0.5489740627530201,1,Online,31,9393.91094329131,0,6,26,1
608,26.436080264307773,1755,2022-01-26 07:00:00,2224,85.80333328900018,0.9860397382767035,0,Food,42,2653.251468019429,0,7,26,1
609,90.48071057199276,1132,2022-01-26 08:00:00,2922,71.4622660268702,0.2494273555152583,1,Online,47,4552.1052691343975,0,8,26,1
610,90.60563652231846,1239,2022-01-26 09:00:00,2146,90.01981973137339,0.5122600501751468,0,Other,40,8704.182255178053,0,9,26,1
611,88.34186423374305,1912,2022-01-26 10:00:00,2220,35.53622466237405,0.6463709162458597,1,Food,45,9262.124940491196,0,10,26,1
612,36.90222620760606,1414,2022-01-26 11:00:00,2884,61.05825497080078,0.8067575236349557,0,Travel,18,2560.1203796381005,0,11,26,1
613,16.182846568927204,1770,2022-01-26 12:00:00,2184,33.42063794967267,0.2607989175769328,0,Other,36,6847.49092112656,1,12,26,1
614,11.564836282866452,1639,2022-01-26 13:00:00,2094,30.22084017540379,0.291309745415711,0,Food,54,6463.307957427782,0,13,26,1
615,14.560537509054024,1043,2022-01-26 14:00:00,2215,59.31212836896322,0.2283551215387463,0,Online,25,8236.476448026788,0,14,26,1
616,40.83608859104079,1845,2022-01-26 15:00:00,2951,10.230726644705085,0.8181341312113436,0,Online,24,9347.479356234926,0,15,26,1
617,10.980455323300587,1821,2022-01-26 16:00:00,2491,97.42511636370944,0.5704239074602406,0,Food,26,9713.65768299239,0,16,26,1
618,68.16151267115706,1595,2022-01-26 17:00:00,2668,39.02570619957358,0.1065930291717927,0,Retail,53,1150.2959489054026,0,17,26,1
619,51.20871487556867,1686,2022-01-26 18:00:00,2598,96.44332488760357,0.3011369182862841,0,Food,51,1401.2725827248678,0,18,26,1
620,30.79084603660721,1901,2022-01-26 19:00:00,2856,66.39535273910974,0.6045326052833953,0,Retail,57,1828.702205059994,0,19,26,1
621,30.65272139730061,1139,2022-01-26 20:00:00,2557,36.53461967573059,0.3731841554485576,0,Other,21,3039.5142047755826,0,20,26,1
622,77.36867757108365,1406,2022-01-26 21:00:00,2655,32.674715832902635,0.6589019215745976,0,Food,56,6284.73966605261,0,21,26,1
623,75.26230757258354,1730,2022-01-26 22:00:00,2004,99.0951514498993,0.8405061748157093,0,Food,54,3967.076794107528,0,22,26,1
624,91.4805744361771,1237,2022-01-26 23:00:00,2932,13.859496373981589,0.6731950403866196,0,Travel,32,5160.483332414382,0,23,26,1
625,55.15725947347897,1758,2022-01-27 00:00:00,2051,93.4853268222084,0.1469607039043922,0,Retail,38,2203.576279558167,1,0,27,1
626,25.5487291410875,1385,2022-01-27 01:00:00,2196,62.08117630253874,0.3398546091264148,0,Retail,36,4335.814031939231,0,1,27,1
627,96.58421668519038,1263,2022-01-27 02:00:00,2292,99.13454677927696,0.1142094134989581,0,Online,21,3583.3826875795057,0,2,27,1
628,28.21936015497701,1736,2022-01-27 03:00:00,2211,58.85787926940827,0.9482805982293544,0,Other,52,9279.108537872376,0,3,27,1
629,81.21645066050094,1626,2022-01-27 04:00:00,2265,85.23285274883663,0.3857983422705521,0,Travel,43,2802.599688947567,0,4,27,1
630,52.32636056805466,1399,2022-01-27 05:00:00,2115,95.74381607726508,0.1405323146968852,0,Travel,18,9447.72949841338,0,5,27,1
631,42.32786546597519,1137,2022-01-27 06:00:00,2303,56.75233728488749,0.2274199087290001,0,Online,52,4843.333768944447,0,6,27,1
632,79.37134605324061,1612,2022-01-27 07:00:00,2941,50.69065748740078,0.6431756677050152,0,Online,23,1437.9427525147803,0,7,27,1
633,11.705082409397097,1303,2022-01-27 08:00:00,2961,71.57334690739006,0.5219771425792494,0,Food,35,6650.9563718712825,0,8,27,1
634,93.76508796403708,1865,2022-01-27 09:00:00,2332,20.781627414979045,0.2784227728971279,0,Online,45,4468.344079407905,0,9,27,1
635,83.14607235416698,1147,2022-01-27 10:00:00,2197,55.8338310145598,0.589710102116919,0,Other,59,6232.211660395478,0,10,27,1
636,81.49217872125034,1234,2022-01-27 11:00:00,2391,48.97803758936727,0.8601626136563015,0,Food,18,6737.496077516889,0,11,27,1
637,27.77692981290428,1469,2022-01-27 12:00:00,2253,18.289408193294182,0.203641573116925,0,Other,28,3017.7818364389864,0,12,27,1
638,99.87930230728328,1210,2022-01-27 13:00:00,2779,92.94283383592844,0.181264582042527,0,Food,39,9316.95357597456,0,13,27,1
639,62.42142695281371,1802,2022-01-27 14:00:00,2183,93.2593712796568,0.9170468484179688,0,Other,23,6791.878055912904,0,14,27,1
640,87.31040281854852,1836,2022-01-27 15:00:00,2376,43.53731819032919,0.4171108474171109,0,Food,47,4018.773274033155,0,15,27,1
641,30.9802390482118,1003,2022-01-27 16:00:00,2496,46.04417197679019,0.9615520952201028,0,Travel,40,1715.321988918382,0,16,27,1
642,79.32819585918911,1077,2022-01-27 17:00:00,2543,45.25970332313416,0.7288229515947116,0,Food,38,7580.464854893932,0,17,27,1
643,61.06243509196435,1691,2022-01-27 18:00:00,2575,27.72996607250687,0.3880430424603808,0,Retail,47,6089.047769259954,0,18,27,1
644,73.44126228893867,1309,2022-01-27 19:00:00,2529,80.15488067358145,0.7891194333920231,0,Other,39,6507.017839612834,0,19,27,1
645,67.27985921251647,1287,2022-01-27 20:00:00,2014,40.902286825448925,0.027235597018043,0,Retail,34,9561.510600327694,0,20,27,1
646,54.797029357519904,1825,2022-01-27 21:00:00,2317,77.273254801297,0.6948161597871271,0,Travel,54,4886.010824613629,0,21,27,1
647,25.04495445157386,1697,2022-01-27 22:00:00,2080,49.86299155902689,0.668355416992461,0,Online,59,6865.652981348801,0,22,27,1
648,75.84935112303506,1905,2022-01-27 23:00:00,2112,15.899838874729555,0.3746956579985752,0,Other,20,3055.4130206122995,0,23,27,1
649,85.17938662507261,1367,2022-01-28 00:00:00,2439,13.865181883980757,0.9825403046230244,0,Other,19,6381.958127861724,0,0,28,1
650,62.48034582066848,1853,2022-01-28 01:00:00,2813,88.29484785761717,0.4326278724535232,0,Retail,30,1767.822690779924,0,1,28,1
651,28.508000375078176,1618,2022-01-28 02:00:00,2770,58.87925925236743,0.8780403094266206,0,Online,27,6741.429339282374,0,2,28,1
652,52.44516410974352,1902,2022-01-28 03:00:00,2217,53.1674967961514,0.7511501521170622,0,Retail,35,6370.257414195333,0,3,28,1
653,49.48630478596331,1561,2022-01-28 04:00:00,2936,73.60458837164549,0.0926045563854857,0,Online,58,8361.02081851776,0,4,28,1
654,91.06378341479328,1908,2022-01-28 05:00:00,2134,91.20817696178769,0.2841589979193659,0,Travel,59,6721.217429309139,0,5,28,1
655,72.21970365622698,1161,2022-01-28 06:00:00,2713,68.54113685689364,0.0766758506966002,0,Other,55,7545.026042634955,0,6,28,1
656,68.50324359070589,1618,2022-01-28 07:00:00,2931,30.29437716848944,0.4291410808335154,0,Other,27,6741.429339282374,0,7,28,1
657,70.9884772362866,1586,2022-01-28 08:00:00,2526,98.11179383531716,0.5805274746602067,0,Retail,40,4726.937230596973,0,8,28,1
658,84.6029052697291,1930,2022-01-28 09:00:00,2022,86.59049844808884,0.6129812936163486,1,Online,61,1111.7721667693309,0,9,28,1
659,42.8212846728405,1712,2022-01-28 10:00:00,2438,50.19969174952963,0.3707223197853899,0,Other,58,4878.871298313591,0,10,28,1
660,86.18244074893154,1279,2022-01-28 11:00:00,2832,65.52107415673018,0.4484428384534927,0,Food,37,7156.870920112488,0,11,28,1
661,74.49932887587424,1926,2022-01-28 12:00:00,2562,35.4812928789938,0.8209095503258214,0,Retail,62,1153.1232945469942,0,12,28,1
662,92.69624970525254,1244,2022-01-28 13:00:00,2385,91.52325525262846,0.5164229509412711,0,Online,46,8723.861426511972,0,13,28,1
663,21.063195513748365,1519,2022-01-28 14:00:00,2394,31.491738779754545,0.4102350545758898,0,Online,38,9405.638537057404,0,14,28,1
664,14.717379319580264,1216,2022-01-28 15:00:00,2840,32.16165399351621,0.0218876930498577,0,Food,26,4741.192768951942,0,15,28,1
665,91.57863524928663,1142,2022-01-28 16:00:00,2283,95.6124260120948,0.5808554659660252,0,Other,57,3789.361176969462,0,16,28,1
666,28.592261597177508,1937,2022-01-28 17:00:00,2918,73.65937158408009,0.0439978247073687,0,Travel,27,5741.223579237721,0,17,28,1
667,77.68854755312054,1276,2022-01-28 18:00:00,2293,85.15330771817007,0.3270062223699993,0,Online,31,4961.926428913047,0,18,28,1
668,55.96345624776244,1200,2022-01-28 19:00:00,2695,73.26826676500303,0.8385706769386877,0,Online,46,4555.7118899309,0,19,28,1
669,64.79659280908365,1103,2022-01-28 20:00:00,2433,70.54560828705364,0.3129603006925582,0,Other,41,2465.964878217213,0,20,28,1
670,81.03229268303691,1652,2022-01-28 21:00:00,2602,41.42561418394956,0.9252659345991734,0,Travel,47,1671.7100284906678,0,21,28,1
671,67.69160248140025,1694,2022-01-28 22:00:00,2984,57.25464612607646,0.9664564303355848,1,Food,30,5628.777105512586,0,22,28,1
672,95.16789027153231,1851,2022-01-28 23:00:00,2240,52.4156957708245,0.1566255925977654,1,Online,21,3527.228702949211,0,23,28,1
673,88.37478319965568,1376,2022-01-29 00:00:00,2777,50.54702732963176,0.3863908869511046,0,Food,53,5745.127918765053,0,0,29,1
674,27.158338607648744,1155,2022-01-29 01:00:00,2529,50.89156219103233,0.1794181179526001,0,Travel,61,4698.084283636987,0,1,29,1
675,34.24003152150763,1424,2022-01-29 02:00:00,2511,76.00299890939365,0.953421536116326,0,Other,37,4344.549864306991,0,2,29,1
676,26.700167800701976,1322,2022-01-29 03:00:00,2501,86.20317958871541,0.7995937913277578,0,Food,29,9411.508716680992,0,3,29,1
677,24.59553861404803,1739,2022-01-29 04:00:00,2678,55.46845280732904,0.6902555385723351,0,Food,61,3264.953504716314,0,4,29,1
678,32.42837607397003,1201,2022-01-29 05:00:00,2882,48.027628453611385,0.6459366434271587,0,Travel,29,6298.296095769295,0,5,29,1
679,11.082269823873848,1733,2022-01-29 06:00:00,2540,19.61528753813701,0.0065631527029174,0,Online,18,1362.0373748007858,0,6,29,1
680,53.53627805243175,1971,2022-01-29 07:00:00,2441,54.73207773925194,0.625338780561458,0,Travel,55,7251.703804374901,0,7,29,1
681,62.5699492545116,1430,2022-01-29 08:00:00,2276,56.06897511209881,0.4885207042563046,0,Online,24,9318.929570456958,0,8,29,1
682,42.62522075665218,1148,2022-01-29 09:00:00,2272,86.25398542610918,0.4238835075766975,0,Online,63,3214.341695181142,0,9,29,1
683,20.31636361219111,1653,2022-01-29 10:00:00,2591,86.38215289710472,0.9799561378025208,0,Retail,49,7118.115328388019,0,10,29,1
684,64.2593447764263,1470,2022-01-29 11:00:00,2806,51.15278993537599,0.5772522876144537,0,Food,26,5964.380701095596,0,11,29,1
685,94.33750212155311,1455,2022-01-29 12:00:00,2862,19.37208875923612,0.97119521067362,0,Travel,39,3227.699686241868,0,12,29,1
686,62.52802725584856,1976,2022-01-29 13:00:00,2520,39.93259736096016,0.0127030056340151,0,Food,54,2417.248388545462,0,13,29,1
687,82.13393908526164,1879,2022-01-29 14:00:00,2915,29.62804486650749,0.7442930236158536,0,Retail,50,3097.479302825231,0,14,29,1
688,23.623718740981552,1488,2022-01-29 15:00:00,2637,39.32062114644688,0.8928158462393139,0,Travel,31,6215.272749963036,0,15,29,1
689,26.79596913388127,1920,2022-01-29 16:00:00,2444,36.24831278126991,0.8143094384356696,0,Other,33,3434.612874956465,0,16,29,1
690,43.169543783855005,1428,2022-01-29 17:00:00,2755,52.0417600635485,0.1979658204471344,0,Travel,47,1106.441844366966,0,17,29,1
691,66.42078488287518,1276,2022-01-29 18:00:00,2886,80.28025091429441,0.4085459945427959,0,Online,31,4961.926428913047,0,18,29,1
692,63.92805769196903,1469,2022-01-29 19:00:00,2992,93.4975905150872,0.4365747283171824,0,Food,28,3017.7818364389864,0,19,29,1
693,69.7365837058957,1480,2022-01-29 20:00:00,2328,88.69300777653869,0.0606580787175166,1,Online,26,7269.75604357179,0,20,29,1
694,29.954415691190857,1770,2022-01-29 21:00:00,2486,80.04805230915319,0.6807024507278588,0,Online,36,6847.49092112656,1,21,29,1
695,40.76705710486746,1882,2022-01-29 22:00:00,2097,29.94382448570909,0.2502495417076394,0,Food,36,3608.806985905158,0,22,29,1
696,41.6034180231656,1683,2022-01-29 23:00:00,2177,76.66755346833324,0.9283678300258028,0,Online,46,8943.379444151007,0,23,29,1
697,62.3226204060321,1570,2022-01-30 00:00:00,2464,13.992854239733145,0.583444051978489,0,Retail,21,1117.747401166069,0,0,30,1
698,63.67273677953057,1971,2022-01-30 01:00:00,2474,25.40709003432776,0.0613344408405481,0,Food,55,7251.703804374901,0,1,30,1
699,61.30719393260597,1189,2022-01-30 02:00:00,2468,68.2109237090855,0.0549207662705367,1,Retail,49,1056.301180517336,0,2,30,1
700,48.39383553760389,1637,2022-01-30 03:00:00,2943,90.241112849999,0.3411741993059584,0,Other,59,4351.676292918295,0,3,30,1
701,39.79126316421227,1424,2022-01-30 04:00:00,2489,61.305263203824566,0.1982310029573655,0,Online,37,4344.549864306991,0,4,30,1
702,68.89307695977436,1516,2022-01-30 05:00:00,2591,27.048521179645565,0.6428698054781727,0,Other,41,8658.737447150934,0,5,30,1
703,53.20236312702749,1591,2022-01-30 06:00:00,2631,93.63150422663162,0.0875897938025913,0,Retail,36,7962.41027548533,0,6,30,1
704,55.190900489311474,1876,2022-01-30 07:00:00,2325,64.54504330847351,0.231569054463568,0,Retail,31,8278.713188445914,0,7,30,1
705,13.492930777205416,1569,2022-01-30 08:00:00,2253,44.64205124027901,0.9851680064354746,0,Online,31,6363.937936403128,0,8,30,1
706,50.21421191817755,1513,2022-01-30 09:00:00,2059,43.64841566777882,0.4636745848643657,0,Travel,47,6238.206319630766,0,9,30,1
707,13.34729469050691,1581,2022-01-30 10:00:00,2768,74.557447229473,0.504880056163423,0,Online,41,8128.017215100595,0,10,30,1
708,85.45344521372881,1835,2022-01-30 11:00:00,2709,99.2662570419234,0.2922638116376208,0,Retail,33,3400.977724416677,0,11,30,1
709,54.75994303494783,1572,2022-01-30 12:00:00,2822,33.120350155544095,0.25469490015357,0,Food,47,2067.485107928368,0,12,30,1
710,19.9715699068954,1072,2022-01-30 13:00:00,2363,46.44970143584911,0.4064630622506033,0,Retail,21,3239.352859829109,0,13,30,1
711,33.00075703386983,1045,2022-01-30 14:00:00,2016,42.5880848294819,0.7644016167901966,0,Travel,58,5168.955418988636,0,14,30,1
712,25.893679758299516,1581,2022-01-30 15:00:00,2850,95.31018187167908,0.2568756911625081,0,Travel,41,8128.017215100595,0,15,30,1
713,38.96028129987119,1750,2022-01-30 16:00:00,2592,92.23840355030256,0.7449073061591452,0,Other,36,8128.690436376383,0,16,30,1
714,36.11516422807509,1989,2022-01-30 17:00:00,2281,76.56333197286463,0.7263191198648619,0,Food,18,3448.958441285073,0,17,30,1
715,72.44134982030823,1033,2022-01-30 18:00:00,2379,61.12091510551122,0.0862754303281585,0,Other,50,2042.69235205651,0,18,30,1
716,81.243458802052,1012,2022-01-30 19:00:00,2400,38.33468351103839,0.9293811480336908,0,Retail,45,2706.148887561668,0,19,30,1
717,43.09556665844332,1410,2022-01-30 20:00:00,2722,96.51324621777358,0.0195120538407248,0,Food,25,2716.981163362165,0,20,30,1
718,69.53802387013545,1618,2022-01-30 21:00:00,2048,76.90995524303871,0.5073313271850892,1,Retail,27,6741.429339282374,0,21,30,1
719,76.25084286125376,1401,2022-01-30 22:00:00,2673,30.4380573319735,0.3564044187790941,0,Travel,25,9089.242962548122,0,22,30,1
720,95.39395604401498,1898,2022-01-30 23:00:00,2821,12.16277125038851,0.2960004480406217,0,Other,38,1373.376304359832,0,23,30,1
721,71.44316987743579,1891,2022-01-31 00:00:00,2631,57.99855781922004,0.3899029994924227,0,Travel,33,4322.597494545438,0,0,31,1
722,63.87075935165029,1480,2022-01-31 01:00:00,2163,76.15460888141862,0.2823530428792715,0,Other,26,7269.75604357179,0,1,31,1
723,49.082009832494826,1438,2022-01-31 02:00:00,2127,11.106739401532922,0.8500925019527288,0,Food,53,1779.9867179354387,0,2,31,1
724,13.471081558436213,1348,2022-01-31 03:00:00,2685,12.40996273327013,0.577930207021867,0,Online,41,1599.2290316885878,0,3,31,1
725,50.95738369702053,1506,2022-01-31 04:00:00,2820,27.67170304346736,0.6427489271442623,0,Retail,22,5745.0882908674,0,4,31,1
726,97.9655891931388,1090,2022-01-31 05:00:00,2251,69.57944246923061,0.594546916352256,0,Other,26,8109.977178153809,0,5,31,1
727,46.614074084703766,1669,2022-01-31 06:00:00,2815,65.00195680300679,0.8157373271688702,1,Retail,44,4490.144010455546,0,6,31,1
728,86.76120603804294,1145,2022-01-31 07:00:00,2963,94.0643129142289,0.9899933425752436,0,Online,56,9855.674627837716,0,7,31,1
729,31.367785962935866,1368,2022-01-31 08:00:00,2464,36.44120404880266,0.1853199849565174,0,Food,19,8411.644415758685,0,8,31,1
730,60.55966079501921,1743,2022-01-31 09:00:00,2881,97.62157624586976,0.4138442341141467,0,Travel,45,6595.92088856562,0,9,31,1
731,44.00389673279336,1680,2022-01-31 10:00:00,2560,77.84689920910795,0.1560878624122662,0,Food,43,1308.3817367590414,0,10,31,1
732,50.90991296286472,1366,2022-01-31 11:00:00,2045,20.579962375247582,0.4673429034772801,0,Online,45,3069.6446371624597,0,11,31,1
733,23.929025895640848,1197,2022-01-31 12:00:00,2555,15.170899270569755,0.9012244868765892,0,Travel,18,3525.504348282963,0,12,31,1
734,16.26661103201102,1976,2022-01-31 13:00:00,2879,34.85659328996145,0.6946340553831687,1,Travel,54,2417.248388545462,0,13,31,1
735,68.61623599279721,1610,2022-01-31 14:00:00,2086,97.0631972351069,0.32236076682778,0,Retail,22,4122.163755988957,0,14,31,1
736,64.23340291981916,1501,2022-01-31 15:00:00,2624,60.944354325647765,0.5155919425791495,0,Travel,48,2342.874350139253,0,15,31,1
737,95.16034881867868,1473,2022-01-31 16:00:00,2503,53.02585061345818,0.2874226541296686,0,Travel,26,3026.374451529537,0,16,31,1
738,11.131439518619104,1399,2022-01-31 17:00:00,2390,40.9134351694381,0.2308228829431639,0,Food,18,9447.72949841338,0,17,31,1
739,15.699135277903164,1630,2022-01-31 18:00:00,2802,13.312815054128354,0.9661903841794932,0,Online,42,2420.838314896988,1,18,31,1
740,82.22250995908492,1413,2022-01-31 19:00:00,2086,95.47173527925682,0.2077665521851838,0,Food,18,1279.6715774788322,0,19,31,1
741,70.34427340238034,1148,2022-01-31 20:00:00,2066,97.63239089542238,0.2052055583945645,0,Other,63,3214.341695181142,0,20,31,1
742,99.88740974312738,1282,2022-01-31 21:00:00,2971,10.190064896318486,0.7890169520191657,0,Travel,39,7308.69730189397,0,21,31,1
743,77.69859250112718,1521,2022-01-31 22:00:00,2803,86.51605510392154,0.9990473412377048,0,Food,27,8108.965746035182,0,22,31,1
744,85.95300105522477,1126,2022-01-31 23:00:00,2421,59.39017795367924,0.7156775641569315,0,Retail,27,7080.103438619933,0,23,31,1
745,90.13649701316616,1125,2022-02-01 00:00:00,2775,40.101361191474375,0.539134170201349,0,Other,58,8801.922036350712,0,0,1,2
746,24.962467028590897,1252,2022-02-01 01:00:00,2843,77.5959905452458,0.6118703895885295,0,Other,53,9182.87387648701,0,1,1,2
747,66.2454350634327,1581,2022-02-01 02:00:00,2070,96.2727880972791,0.1395987802643227,0,Food,41,8128.017215100595,0,2,1,2
748,97.69235336466316,1269,2022-02-01 03:00:00,2285,57.80991603048806,0.1179434994362348,0,Retail,34,9261.10996968282,0,3,1,2
749,62.11099449245757,1422,2022-02-01 04:00:00,2736,54.84138539417199,0.5101407618329337,0,Food,32,6987.997844391333,0,4,1,2
750,48.755442299879846,1405,2022-02-01 05:00:00,2463,73.48819157040548,0.5221135466386639,0,Other,59,9246.516979425342,0,5,1,2
751,26.509028435574177,1655,2022-02-01 06:00:00,2897,88.53542071627268,0.0848053745836587,0,Other,50,2152.9921898737,0,6,1,2
752,88.54379953014886,1143,2022-02-01 07:00:00,2753,24.625093184285696,0.7579407044283827,0,Retail,58,3367.924923660388,0,7,1,2
753,72.96000414657226,1094,2022-02-01 08:00:00,2638,71.51465911098049,0.492541900507644,0,Food,32,4974.2547531484415,0,8,1,2
754,78.96614976415842,1577,2022-02-01 09:00:00,2889,80.6857617424928,0.997038134220019,0,Retail,30,3282.9902053373853,0,9,1,2
755,50.52963956631847,1520,2022-02-01 10:00:00,2652,75.94134511285523,0.9576313593230374,0,Online,25,9476.348061611066,0,10,1,2
756,36.37560297945699,1424,2022-02-01 11:00:00,2012,17.048149539137263,0.2847932490956639,0,Retail,37,4344.549864306991,0,11,1,2
757,89.17189488257118,1160,2022-02-01 12:00:00,2500,66.03157019318301,0.2957088229163976,0,Travel,38,2683.909127067817,0,12,1,2
758,61.919534669867325,1057,2022-02-01 13:00:00,2621,96.5446629589214,0.6307677188404481,0,Travel,21,6531.558064499151,0,13,1,2
759,60.53439196536471,1399,2022-02-01 14:00:00,2500,46.7152778572078,0.049006419265388,0,Travel,18,9447.72949841338,0,14,1,2
760,29.53436473015511,1587,2022-02-01 15:00:00,2968,72.79316151397185,0.910888179754448,0,Retail,41,8573.123086384709,0,15,1,2
761,14.120197747692124,1168,2022-02-01 16:00:00,2726,71.99686279019139,0.5063271158131862,0,Online,42,3560.170992970936,0,16,1,2
762,22.877015210034777,1711,2022-02-01 17:00:00,2130,32.8495620151087,0.2804444881424875,0,Other,20,5960.806053246455,0,17,1,2
763,79.74901394709434,1671,2022-02-01 18:00:00,2420,39.01470065288406,0.1228035436550406,0,Online,27,3493.845421145515,0,18,1,2
764,58.16222511639744,1163,2022-02-01 19:00:00,2440,83.35225848934058,0.6784618306069045,0,Retail,27,7524.885684605896,0,19,1,2
765,83.83365836596249,1381,2022-02-01 20:00:00,2276,41.28986856697706,0.477154970483057,0,Retail,58,4206.199489908408,0,20,1,2
766,56.62474277547674,1961,2022-02-01 21:00:00,2270,42.23674080239536,0.3551585213113261,0,Retail,47,3454.6485309782306,0,21,1,2
767,35.74850060274453,1722,2022-02-01 22:00:00,2658,23.27511907343872,0.7440047927230024,0,Online,53,2286.2810647827623,0,22,1,2
768,13.93228352088363,1532,2022-02-01 23:00:00,2239,49.087915137758976,0.7192786882612906,0,Food,60,3744.641315932557,0,23,1,2
769,39.16310961804249,1623,2022-02-02 00:00:00,2651,89.529993047051,0.4301006096246115,0,Travel,34,2341.7106823841923,0,0,2,2
770,66.9648788192244,1555,2022-02-02 01:00:00,2834,99.37033288544846,0.9259807533038136,0,Online,45,1776.6329873685736,0,1,2,2
771,72.13300401633145,1464,2022-02-02 02:00:00,2865,16.878489454627122,0.7333870591504825,0,Food,45,6683.679293255693,0,2,2,2
772,56.42487376973606,1091,2022-02-02 03:00:00,2997,94.50323285575251,0.6688014420321982,0,Online,58,1736.4684385177802,0,3,2,2
773,40.148430428907375,1182,2022-02-02 04:00:00,2636,59.07500761992237,0.3960797161151779,0,Food,30,2636.6802336256605,0,4,2,2
774,11.02801846763564,1771,2022-02-02 05:00:00,2842,12.913548214679052,0.8276481023294474,0,Online,35,8894.834912950853,0,5,2,2
775,55.29304755520577,1049,2022-02-02 06:00:00,2914,43.192593645672574,0.6442075669758306,0,Food,30,7144.298707590787,0,6,2,2
776,37.171320632196114,1799,2022-02-02 07:00:00,2658,79.07337823944823,0.4921912967224267,0,Other,24,4309.686014500232,0,7,2,2
777,38.4598136030812,1615,2022-02-02 08:00:00,2959,71.69931106137966,0.4659195208102579,0,Travel,28,9447.919780990504,0,8,2,2
778,53.63922443580429,1802,2022-02-02 09:00:00,2635,19.03940300928989,0.1826858815607785,0,Other,23,6791.878055912904,0,9,2,2
779,86.04909239430734,2000,2022-02-02 10:00:00,2780,55.01117083862846,0.5746428739524295,0,Other,42,4853.024379784787,0,10,2,2
780,37.21490182370482,1058,2022-02-02 11:00:00,2825,89.49786591397454,0.3170494174588841,0,Travel,50,5923.741950678233,0,11,2,2
781,44.5079341726125,1678,2022-02-02 12:00:00,2155,92.16109624250274,0.7477637078045679,0,Travel,33,3302.010949050849,1,12,2,2
782,33.63646677492327,1473,2022-02-02 13:00:00,2307,34.29515278268709,0.8260131873274161,0,Food,26,3026.374451529537,0,13,2,2
783,72.3836349025095,1733,2022-02-02 14:00:00,2112,37.16365297466328,0.8460932128749881,0,Food,18,1362.0373748007858,0,14,2,2
784,24.99217212263321,1649,2022-02-02 15:00:00,2774,27.19986016365496,0.2830155776097416,0,Online,54,7708.879304387245,0,15,2,2
785,93.97476921734388,1500,2022-02-02 16:00:00,2289,56.01392029651868,0.976224191851543,0,Food,19,4318.580359323783,0,16,2,2
786,27.48195585196696,1366,2022-02-02 17:00:00,2553,93.71489242553008,0.2658286490724965,0,Other,45,3069.6446371624597,0,17,2,2
787,33.670626213973335,1001,2022-02-02 18:00:00,2627,87.3754439319368,0.0309210414925036,0,Food,54,9507.27205955636,0,18,2,2
788,75.52415113014018,1986,2022-02-02 19:00:00,2235,29.47028571189344,0.0033732513696403,0,Retail,51,6658.952161705015,0,19,2,2
789,69.45279091816774,1921,2022-02-02 20:00:00,2154,56.82490015017458,0.9531904193640452,0,Food,44,1097.4230457693316,0,20,2,2
790,57.999821069456985,1808,2022-02-02 21:00:00,2081,39.55877452481431,0.4246326707976273,0,Other,43,7507.005759868557,0,21,2,2
791,27.036676505451872,1503,2022-02-02 22:00:00,2309,18.519178096973437,0.9771645402786412,0,Travel,37,4370.431521920184,0,22,2,2
792,72.01022436079609,1017,2022-02-02 23:00:00,2173,26.457402340765253,0.927048823145471,0,Retail,21,5179.000965050205,0,23,2,2
793,53.9678523381814,1195,2022-02-03 00:00:00,2152,28.60155804491957,0.6572329318018019,0,Online,64,6831.410409294031,0,0,3,2
794,50.2358498879414,1950,2022-02-03 01:00:00,2057,11.829614712094427,0.1753779688016769,1,Other,48,2394.859954484713,0,1,3,2
795,91.2293600351788,1673,2022-02-03 02:00:00,2347,97.84664625963768,0.5583915059974431,0,Other,55,9911.337339319443,0,2,3,2
796,25.97000920702483,1528,2022-02-03 03:00:00,2256,45.30356510491345,0.680606073204976,0,Travel,28,4034.1390886485497,0,3,3,2
797,58.46823104325883,1480,2022-02-03 04:00:00,2761,60.42601383906089,0.1633652686292824,0,Online,26,7269.75604357179,0,4,3,2
798,71.40047986174835,1771,2022-02-03 05:00:00,2932,95.8606427114737,0.2188728737348473,0,Travel,35,8894.834912950853,0,5,3,2
799,23.095075391859403,1667,2022-02-03 06:00:00,2440,63.724316303614216,0.3935290820294265,0,Online,35,4096.117607307247,0,6,3,2
800,74.2479445014433,1429,2022-02-03 07:00:00,2530,69.16240570091188,0.96682482824782,0,Food,33,8687.343482001097,0,7,3,2
801,56.11778886499002,1152,2022-02-03 08:00:00,2446,33.89671189096964,0.3569245016474663,0,Food,55,7273.982375653035,0,8,3,2
802,37.101099109357335,1733,2022-02-03 09:00:00,2752,97.20580783500826,0.4077484944528583,0,Other,18,1362.0373748007858,0,9,3,2
803,53.258294604800966,1273,2022-02-03 10:00:00,2648,66.58636376896106,0.979642138760861,0,Other,61,7120.616916284161,0,10,3,2
804,86.57748678092385,1515,2022-02-03 11:00:00,2643,60.67641343107672,0.8826987779429258,0,Online,37,7872.506549172416,0,11,3,2
805,34.78006778134278,1999,2022-02-03 12:00:00,2843,56.25388641737121,0.1824225380246447,0,Food,57,7376.854106511174,0,12,3,2
806,10.006932562275091,1084,2022-02-03 13:00:00,2037,18.325196086405228,0.5193765475390857,0,Other,60,2169.4259351690243,0,13,3,2
807,51.93353981623281,1244,2022-02-03 14:00:00,2929,23.79471541177682,0.8243761263303714,0,Retail,46,8723.861426511972,0,14,3,2
808,49.044804955239904,1622,2022-02-03 15:00:00,2767,79.62596149256132,0.960153789325828,0,Other,21,5611.751690912045,0,15,3,2
809,98.18303499459222,1177,2022-02-03 16:00:00,2466,38.123213241373776,0.6272427759643715,0,Food,50,2146.0267213025604,0,16,3,2
810,31.85157143386876,1263,2022-02-03 17:00:00,2227,36.35341931075458,0.65710728052199,0,Retail,21,3583.3826875795057,0,17,3,2
811,76.74537670541186,1944,2022-02-03 18:00:00,2624,28.043435689884888,0.0009299605160747,0,Travel,51,2462.046546141992,0,18,3,2
812,28.032461086960588,1419,2022-02-03 19:00:00,2844,70.13933848790711,0.8501194947368206,0,Online,28,1069.8438676660203,0,19,3,2
813,68.65040463700079,1418,2022-02-03 20:00:00,2831,68.2770779215993,0.0354316371018104,0,Food,19,5724.611458231782,0,20,3,2
814,38.08086935820676,1769,2022-02-03 21:00:00,2490,91.02483757133156,0.4153426330740017,0,Retail,34,9517.546957003367,0,21,3,2
815,94.63416453223545,1056,2022-02-03 22:00:00,2202,82.09475889297713,0.1044047171429316,0,Food,46,3507.492645445045,0,22,3,2
816,26.521145389628145,1924,2022-02-03 23:00:00,2001,54.40216527038892,0.2092455772460167,0,Online,60,2652.931615157598,0,23,3,2
817,80.66698444089012,2000,2022-02-04 00:00:00,2570,69.66634403054752,0.3308301186802225,0,Travel,42,4853.024379784787,0,0,4,2
818,69.49314651509769,1843,2022-02-04 01:00:00,2194,63.54074746863322,0.5191302950520944,0,Food,33,8695.442858310773,0,1,4,2
819,80.55842031263705,1328,2022-02-04 02:00:00,2235,14.932056074403537,0.0202296675933418,0,Retail,62,4443.037377459592,0,2,4,2
820,67.21601847741414,1469,2022-02-04 03:00:00,2128,69.39128877125968,0.6054059299804421,0,Online,28,3017.7818364389864,0,3,4,2
821,89.81374721715743,1625,2022-02-04 04:00:00,2827,43.32508085628091,0.9955617683625664,0,Retail,41,8077.123546305765,0,4,4,2
822,41.34483461775976,1899,2022-02-04 05:00:00,2277,57.13472111749898,0.0180946733336785,0,Food,46,6060.940447189412,0,5,4,2
823,61.03550802501376,1854,2022-02-04 06:00:00,2013,47.2414611155676,0.5656573327546037,0,Other,57,9960.172528289351,0,6,4,2
824,39.79553881400214,1687,2022-02-04 07:00:00,2687,16.888915653236943,0.7562913910526488,0,Retail,28,7484.040653463704,0,7,4,2
825,68.42739649280826,1549,2022-02-04 08:00:00,2590,94.09371961842828,0.8327880836289765,0,Other,60,4220.470748699525,0,8,4,2
826,15.832750400060416,1981,2022-02-04 09:00:00,2227,37.05749100515232,0.3278968326325157,0,Other,48,2711.2329201670755,0,9,4,2
827,51.66428111808683,1991,2022-02-04 10:00:00,2955,25.154533470403976,0.3941346162782865,0,Online,61,3272.3064696669626,0,10,4,2
828,32.965557871667784,1776,2022-02-04 11:00:00,2075,20.44550277441141,0.8399775473125765,0,Online,31,3715.769255207644,0,11,4,2
829,98.14338652516008,1565,2022-02-04 12:00:00,2524,50.962743690088445,0.8382780328798196,0,Travel,33,8921.44288847097,0,12,4,2
830,88.88926748040059,1986,2022-02-04 13:00:00,2992,90.8661766306865,0.8582708093099641,0,Food,51,6658.952161705015,0,13,4,2
831,29.627393510330677,1205,2022-02-04 14:00:00,2629,62.39898005063935,0.7058406455696082,0,Online,37,5707.424545180082,0,14,4,2
832,85.29801409198318,1155,2022-02-04 15:00:00,2819,72.6612656118155,0.7315831870860663,0,Food,61,4698.084283636987,0,15,4,2
833,73.29570994113007,1277,2022-02-04 16:00:00,2269,71.52131228586501,0.6168347773092807,0,Online,22,5042.199848161743,0,16,4,2
834,38.981553666269264,1311,2022-02-04 17:00:00,2154,97.8574375634752,0.8906371648924568,0,Online,25,9253.478916937507,0,17,4,2
835,43.95689754114726,1503,2022-02-04 18:00:00,2993,42.201477211794696,0.6734393772842932,0,Other,37,4370.431521920184,0,18,4,2
836,63.40605444348808,1051,2022-02-04 19:00:00,2869,29.359450963182923,0.7075110007403849,0,Retail,30,4620.924284406736,0,19,4,2
837,80.56230250293223,1132,2022-02-04 20:00:00,2974,99.6010348998968,0.4974783808458732,0,Retail,47,4552.1052691343975,0,20,4,2
838,49.18725137575288,1651,2022-02-04 21:00:00,2982,54.449253230776144,0.3380502238937989,0,Retail,58,8326.14998923507,0,21,4,2
839,36.485674691227736,1744,2022-02-04 22:00:00,2889,61.48927775680958,0.4176020357646357,0,Retail,27,6141.103291180964,0,22,4,2
840,42.72787792971032,1579,2022-02-04 23:00:00,2057,30.30344305893079,0.9500897809185442,0,Travel,41,2479.274894148096,0,23,4,2
841,99.57766068025052,1386,2022-02-05 00:00:00,2539,73.37717496183645,0.0747855233784414,0,Food,25,4904.703903424508,0,0,5,2
842,41.8227353715044,1296,2022-02-05 01:00:00,2935,97.90502270872146,0.1696831797286961,0,Food,28,1364.6379176550022,0,1,5,2
843,24.13577782207831,1492,2022-02-05 02:00:00,2851,83.72095785936338,0.1773230833727871,0,Travel,46,2989.8192667071926,0,2,5,2
844,75.26952467331752,1490,2022-02-05 03:00:00,2810,24.669405289949207,0.4452205760323857,0,Other,56,9025.611518944568,0,3,5,2
845,30.65716065461832,1921,2022-02-05 04:00:00,2826,20.48436998373161,0.4889847894407939,0,Food,44,1097.4230457693316,0,4,5,2
846,72.44945048279237,1647,2022-02-05 05:00:00,2112,34.096381407324444,0.0579991649129523,0,Retail,57,8742.259086147413,0,5,5,2
847,80.23266191446132,1188,2022-02-05 06:00:00,2597,81.29798912170817,0.0593334235212104,0,Online,23,7478.912108122129,0,6,5,2
848,91.47555974162536,1053,2022-02-05 07:00:00,2288,85.33863254072617,0.8897842797188479,1,Travel,22,8044.236477870637,0,7,5,2
849,81.16725920824848,1454,2022-02-05 08:00:00,2370,94.5413803098749,0.1247043560682344,0,Travel,33,8478.78350241306,0,8,5,2
850,63.46015786810301,1597,2022-02-05 09:00:00,2850,47.56468631165909,0.8581342038070707,0,Retail,33,7732.131278300012,0,9,5,2
851,29.905949214574097,1759,2022-02-05 10:00:00,2395,67.1044858578078,0.2945072141886865,0,Other,33,6608.386988413693,0,10,5,2
852,64.40294608397701,1356,2022-02-05 11:00:00,2406,26.99668374959913,0.3808382363597588,0,Retail,44,7927.594272471447,0,11,5,2
853,59.66022515081108,1924,2022-02-05 12:00:00,2295,29.504580881467724,0.1283184045224797,0,Food,60,2652.931615157598,0,12,5,2
854,66.52474028496395,1834,2022-02-05 13:00:00,2484,32.49797872494389,0.1946960489398977,0,Other,41,7732.401836922855,0,13,5,2
855,59.56766600854584,1176,2022-02-05 14:00:00,2892,71.47864756056055,0.5940516898974921,0,Other,20,5493.960539328983,0,14,5,2
856,77.92991329715457,1551,2022-02-05 15:00:00,2811,41.56673287279271,0.9434825580235258,0,Travel,58,2398.035018648643,0,15,5,2
857,61.688816522872656,1934,2022-02-05 16:00:00,2294,17.16863837676198,0.9802705624970834,0,Food,56,1662.3303838152992,0,16,5,2
858,64.08704501443339,1190,2022-02-05 17:00:00,2558,93.55867375392955,0.7394109431941214,0,Food,24,8351.891276695285,0,17,5,2
859,42.16185142416847,1980,2022-02-05 18:00:00,2407,47.28329322709119,0.7388569174176827,0,Online,44,7509.571037785748,0,18,5,2
860,14.377501183070512,1322,2022-02-05 19:00:00,2408,78.78711195110192,0.8305286093856156,0,Retail,29,9411.508716680992,0,19,5,2
861,80.206153862561,1765,2022-02-05 20:00:00,2015,13.513241492947762,0.2445055947590901,0,Travel,29,5112.344414399507,0,20,5,2
862,80.41574164113865,1553,2022-02-05 21:00:00,2077,78.35691364656418,0.2645489490419127,0,Travel,37,5095.375076401113,0,21,5,2
863,36.9087392976182,1143,2022-02-05 22:00:00,2124,61.20774772827271,0.7027975445797655,0,Retail,58,3367.924923660388,0,22,5,2
864,29.080894938055295,1709,2022-02-05 23:00:00,2137,16.135283289455028,0.5675590106862017,0,Other,42,4061.519363599025,0,23,5,2
865,19.35157808170657,1839,2022-02-06 00:00:00,2163,66.87343909377753,0.5795883400986052,0,Online,18,5856.0623617910405,0,0,6,2
866,34.44668007158171,1249,2022-02-06 01:00:00,2395,42.57270708499616,0.1290055257416732,0,Online,26,5944.205812014155,0,1,6,2
867,81.41515284943999,1128,2022-02-06 02:00:00,2160,96.7957398517478,0.8069617907713429,0,Travel,21,7899.461183038991,0,2,6,2
868,27.450619758180107,1111,2022-02-06 03:00:00,2712,49.86699032460815,0.7508760418949948,0,Retail,32,7980.849544448291,0,3,6,2
869,65.70225812625743,1656,2022-02-06 04:00:00,2252,60.70980509916768,0.5577243948327285,0,Retail,48,5626.572877353346,0,4,6,2
870,50.70097741774521,1814,2022-02-06 05:00:00,2302,42.585613829081865,0.1124268717393868,0,Online,28,6484.64781184804,0,5,6,2
871,50.243254577059886,1393,2022-02-06 06:00:00,2875,71.62189340616376,0.9506164401390956,0,Retail,47,3238.1840967641533,0,6,6,2
872,21.1458547206259,1920,2022-02-06 07:00:00,2451,16.195300039458296,0.7621440651792837,0,Retail,33,3434.612874956465,0,7,6,2
873,16.43832083940835,1085,2022-02-06 08:00:00,2859,52.16739126943224,0.5119893821825897,0,Retail,35,6148.870554004673,0,8,6,2
874,70.30126731068788,1212,2022-02-06 09:00:00,2116,58.75964999870469,0.3382238586220067,0,Food,55,9974.701764544445,0,9,6,2
875,94.24651183536184,1708,2022-02-06 10:00:00,2919,32.51857696682872,0.7526778251910219,0,Food,30,2877.527130943666,0,10,6,2
876,64.08879961517923,1917,2022-02-06 11:00:00,2172,41.01302588371839,0.2004818299751006,0,Travel,37,7381.246492403197,0,11,6,2
877,77.26384488888628,1376,2022-02-06 12:00:00,2497,62.539239518004656,0.1394057417340821,0,Online,53,5745.127918765053,0,12,6,2
878,40.31214229035872,1495,2022-02-06 13:00:00,2024,50.916657326435946,0.8480260322336391,0,Online,20,1236.384945903017,0,13,6,2
879,84.55259193533934,1623,2022-02-06 14:00:00,2034,44.37912363990471,0.3340527927774718,0,Food,34,2341.7106823841923,0,14,6,2
880,95.2301527805285,1423,2022-02-06 15:00:00,2116,11.920076798012518,0.5847187482767527,0,Retail,40,7025.452026763664,0,15,6,2
881,50.83496652230644,1504,2022-02-06 16:00:00,2241,23.55967783056922,0.4985941139851815,0,Other,64,1165.433334812276,0,16,6,2
882,84.60060342839287,1571,2022-02-06 17:00:00,2379,41.93851846994259,0.5006842161098343,0,Food,24,9122.326240080129,0,17,6,2
883,63.53186105836484,1406,2022-02-06 18:00:00,2050,12.845188225582884,0.4271786330249961,0,Retail,56,6284.73966605261,0,18,6,2
884,66.26626490693305,1704,2022-02-06 19:00:00,2738,82.00296267743329,0.1911507639027172,0,Food,23,1670.4930903743175,0,19,6,2
885,23.44981815960602,1210,2022-02-06 20:00:00,2200,11.021979773713175,0.0530307305584982,0,Online,39,9316.95357597456,0,20,6,2
886,90.06115336349863,1821,2022-02-06 21:00:00,2831,71.62684127137953,0.8190407722612534,0,Retail,26,9713.65768299239,0,21,6,2
887,25.527990197551134,1180,2022-02-06 22:00:00,2813,30.63373778627032,0.7558510970167627,0,Online,59,8645.383185655746,0,22,6,2
888,74.06906245975239,1433,2022-02-06 23:00:00,2938,10.249793705637137,0.2771917261272317,0,Travel,55,6991.289066546222,0,23,6,2
889,26.68493172269836,1928,2022-02-07 00:00:00,2631,31.964825164066426,0.0141213626112681,0,Retail,60,9352.655675082651,0,0,7,2
890,87.17606804177909,1906,2022-02-07 01:00:00,2660,30.104703859736155,0.5086217139056916,0,Travel,47,8161.509839907068,0,1,7,2
891,88.07345453811928,1533,2022-02-07 02:00:00,2586,11.704441752467348,0.6491890304997459,0,Retail,48,8928.443453180656,0,2,7,2
892,98.2927232923352,1691,2022-02-07 03:00:00,2845,13.11547361456208,0.8999266453893355,0,Other,47,6089.047769259954,0,3,7,2
893,31.218274539629405,1319,2022-02-07 04:00:00,2655,87.6023926816555,0.042641379008624,0,Travel,38,5564.493480735172,0,4,7,2
894,84.71865132912392,1544,2022-02-07 05:00:00,2633,74.26828330854329,0.2290484195556313,0,Retail,55,8546.332849531158,0,5,7,2
895,53.68389808508408,1952,2022-02-07 06:00:00,2149,90.42202596823398,0.0408171650797212,0,Food,50,2869.689912187824,0,6,7,2
896,23.030133714144085,1389,2022-02-07 07:00:00,2304,36.79368847877865,0.7061256485681822,0,Retail,61,1815.8344067650537,0,7,7,2
897,63.498140700143466,1049,2022-02-07 08:00:00,2844,58.27148018561604,0.9371213001718842,0,Online,30,7144.298707590787,0,8,7,2
898,87.34495106429543,1755,2022-02-07 09:00:00,2104,47.63784703300799,0.2502910062027869,0,Travel,42,2653.251468019429,0,9,7,2
899,15.900151898696164,1538,2022-02-07 10:00:00,2296,54.72042684932479,0.5482051084832837,0,Food,62,3447.1174140401004,0,10,7,2
900,36.87927531010898,1424,2022-02-07 11:00:00,2094,56.47276106809286,0.0319332805139734,0,Retail,37,4344.549864306991,0,11,7,2
901,13.846819533581574,1825,2022-02-07 12:00:00,2639,41.83416130455339,0.7167986698636748,0,Travel,54,4886.010824613629,0,12,7,2
902,11.657828888394429,1996,2022-02-07 13:00:00,2240,30.289026859636607,0.5242169779323402,0,Travel,33,8523.485162660265,0,13,7,2
903,21.21036641616177,1991,2022-02-07 14:00:00,2902,89.95161364321649,0.2584381475110235,0,Travel,61,3272.3064696669626,0,14,7,2
904,45.76941000334883,1225,2022-02-07 15:00:00,2983,12.910796726521616,0.4300355943135006,0,Online,51,2351.0496929869623,0,15,7,2
905,64.09589461181153,1322,2022-02-07 16:00:00,2239,98.2408375996488,0.4777419058693507,0,Travel,29,9411.508716680992,0,16,7,2
906,90.38789073571203,1280,2022-02-07 17:00:00,2081,34.79164660531628,0.4035529825012005,0,Retail,60,8295.281557902284,0,17,7,2
907,61.9468343699687,1932,2022-02-07 18:00:00,2631,64.32983326370797,0.6774998755093605,0,Online,22,3443.9131489361203,0,18,7,2
908,21.0074016493607,1992,2022-02-07 19:00:00,2850,21.47375304302289,0.2049893811906921,1,Online,55,4053.59046113032,0,19,7,2
909,73.55606662201993,1595,2022-02-07 20:00:00,2694,38.69211116438761,0.4496166799568124,0,Travel,53,1150.2959489054026,0,20,7,2
910,32.2318769063642,1228,2022-02-07 21:00:00,2007,93.8965471058002,0.6610513893555724,0,Food,59,9343.248064754189,1,21,7,2
911,44.88713449114011,1304,2022-02-07 22:00:00,2801,83.78950268867644,0.7560285737450182,0,Retail,62,9631.517578499512,0,22,7,2
912,38.39225462332512,1747,2022-02-07 23:00:00,2044,17.616997984209416,0.991923320101168,0,Other,44,1098.7212989329994,0,23,7,2
913,94.5872061148643,1199,2022-02-08 00:00:00,2895,20.113734295878714,0.5601138232306296,0,Retail,45,5098.858759172226,0,0,8,2
914,96.52314248884213,1009,2022-02-08 01:00:00,2701,94.93170387030288,0.856704244071713,0,Other,32,5359.747810190935,0,1,8,2
915,81.69738902734242,1227,2022-02-08 02:00:00,2957,27.586574483547917,0.2709095960651473,0,Food,35,6764.941455409842,0,2,8,2
916,56.376547151977306,1334,2022-02-08 03:00:00,2521,48.32297180233819,0.4528922347432437,0,Other,41,4572.64687327948,0,3,8,2
917,80.90963279805126,1655,2022-02-08 04:00:00,2687,97.59327634080483,0.86676521291186,0,Other,50,2152.9921898737,0,4,8,2
918,23.12363510526152,1242,2022-02-08 05:00:00,2423,71.52949764480569,0.8719082869819983,0,Travel,32,5765.640647310825,0,5,8,2
919,76.7037658134944,1136,2022-02-08 06:00:00,2301,48.46699759690941,0.092037327296395,0,Retail,29,7321.062181909426,0,6,8,2
920,67.97359142174959,1142,2022-02-08 07:00:00,2772,36.18524095237869,0.7573364910544071,0,Other,57,3789.361176969462,0,7,8,2
921,45.84978420861537,1004,2022-02-08 08:00:00,2111,36.53471969141,0.6521879103565174,0,Other,30,3101.509133840253,0,8,8,2
922,53.520423375763215,1606,2022-02-08 09:00:00,2714,54.03186091591388,0.0538861021795162,0,Other,60,4152.721122244118,0,9,8,2
923,52.160534543489405,1024,2022-02-08 10:00:00,2734,21.36611514974726,0.9494127546761172,0,Other,40,1795.3282266181373,0,10,8,2
924,12.957371513455186,1800,2022-02-08 11:00:00,2522,52.9067346483392,0.3105800165042927,0,Retail,58,6631.372808065945,0,11,8,2
925,77.5892520491586,1060,2022-02-08 12:00:00,2841,11.443127474715745,0.2606398456693745,0,Travel,38,9121.230250792947,0,12,8,2
926,97.5841046288916,1666,2022-02-08 13:00:00,2353,28.85792787960729,0.3632136317624784,0,Online,36,9674.062164262285,0,13,8,2
927,93.186765046662,1165,2022-02-08 14:00:00,2544,49.87894110780856,0.6179153511305893,1,Online,48,4115.718543854602,0,14,8,2
928,75.05441065286574,1132,2022-02-08 15:00:00,2517,19.236338548138068,0.2432574499650226,0,Online,47,4552.1052691343975,0,15,8,2
929,26.606352840247457,1751,2022-02-08 16:00:00,2960,17.060490894266653,0.2352320511548524,1,Online,35,3532.245916328434,0,16,8,2
930,19.534609879795333,1514,2022-02-08 17:00:00,2441,49.677028354486666,0.4296437730502268,0,Travel,20,2045.0579963089228,0,17,8,2
931,63.74348565655637,1785,2022-02-08 18:00:00,2772,77.30669853816907,0.8347683490609425,0,Other,26,1549.517859663426,0,18,8,2
932,84.99494585391481,1801,2022-02-08 19:00:00,2504,24.659369987938287,0.7803803912579997,0,Travel,27,1941.726463313744,0,19,8,2
933,43.31408994984277,1330,2022-02-08 20:00:00,2414,29.3985429532272,0.719368166041893,0,Other,63,8773.956940488475,1,20,8,2
934,59.64679754482704,1088,2022-02-08 21:00:00,2315,37.06997240789393,0.6985546855885032,0,Food,38,1511.7079457480804,0,21,8,2
935,67.6345414499013,1705,2022-02-08 22:00:00,2499,44.21692274406343,0.5437140816653593,0,Retail,39,4634.373036096615,0,22,8,2
936,43.18297705942081,1658,2022-02-08 23:00:00,2383,59.62542233513079,0.1472954822049518,0,Retail,44,6506.933648420445,0,23,8,2
937,88.20869587689056,1518,2022-02-09 00:00:00,2340,63.05006360901799,0.2828338638670756,0,Travel,19,1512.263352658831,0,0,9,2
938,50.36171009890702,1131,2022-02-09 01:00:00,2486,56.52607726320148,0.662685734015089,0,Travel,41,6496.108703688331,0,1,9,2
939,88.99270050806099,1482,2022-02-09 02:00:00,2871,81.48455822676858,0.8366503058153224,0,Travel,26,2076.8077958585536,0,2,9,2
940,74.0970689078747,1516,2022-02-09 03:00:00,2273,97.63612941530968,0.9837436832634588,0,Online,41,8658.737447150934,0,3,9,2
941,13.844857117841546,1058,2022-02-09 04:00:00,2385,93.3830334942078,0.0510733055658789,0,Travel,50,5923.741950678233,0,4,9,2
942,12.611478926976906,1350,2022-02-09 05:00:00,2436,54.02493330013226,0.7187946248769317,0,Other,49,3431.9397182364382,0,5,9,2
943,34.06316109206354,1232,2022-02-09 06:00:00,2530,53.34806403438312,0.903843130556986,0,Retail,18,8793.538025111497,0,6,9,2
944,35.85949743054377,1154,2022-02-09 07:00:00,2736,39.33289839154256,0.7411826706570788,0,Retail,48,5544.569288667391,0,7,9,2
945,42.60535294784076,1014,2022-02-09 08:00:00,2568,58.05162091309303,0.6185239469195336,0,Retail,27,9922.29197304782,0,8,9,2
946,48.2268648362713,1473,2022-02-09 09:00:00,2414,82.69123550239847,0.3022555946916622,1,Other,26,3026.374451529537,0,9,9,2
947,15.061303969882118,1085,2022-02-09 10:00:00,2741,59.25107738424546,0.8313888508428988,0,Online,35,6148.870554004673,0,10,9,2
948,60.222509912044046,1779,2022-02-09 11:00:00,2826,92.95859135600308,0.3050601812980062,0,Food,29,5248.694500029742,0,11,9,2
949,71.16993370893385,1971,2022-02-09 12:00:00,2610,32.04225945579654,0.75909910749829,0,Travel,55,7251.703804374901,0,12,9,2
950,79.37427413633232,1124,2022-02-09 13:00:00,2312,95.26787369146018,0.0777500991231449,0,Online,45,6746.988789784419,0,13,9,2
951,68.36620472188787,1568,2022-02-09 14:00:00,2581,44.91112749585823,0.3714815316000812,0,Other,31,3281.3375318246426,0,14,9,2
952,73.97469114745326,1083,2022-02-09 15:00:00,2043,80.34022583092302,0.9136424000128052,0,Online,29,3012.90594624605,0,15,9,2
953,61.19374615765196,1138,2022-02-09 16:00:00,2626,75.35372119726676,0.4290793931222515,0,Other,63,5038.91001726212,0,16,9,2
954,98.30041035340705,1942,2022-02-09 17:00:00,2428,66.39384639717704,0.4688318910094555,0,Other,51,9839.150445743477,0,17,9,2
955,57.99495371278119,1814,2022-02-09 18:00:00,2460,27.92819881920769,0.4156354887421412,0,Online,28,6484.64781184804,0,18,9,2
956,22.090776401179784,1592,2022-02-09 19:00:00,2541,45.13889006965265,0.1057187708004696,1,Other,29,3760.16147956012,0,19,9,2
957,13.131711320985104,1345,2022-02-09 20:00:00,2195,44.27028066955624,0.6030675005883553,0,Online,52,7264.807041213747,0,20,9,2
958,82.00241852701163,1108,2022-02-09 21:00:00,2139,54.94891695192088,0.410923840158629,0,Travel,33,7794.946321991311,0,21,9,2
959,31.808666818145923,1037,2022-02-09 22:00:00,2946,42.91180927061685,0.892658062596063,0,Travel,61,9519.477121680264,0,22,9,2
960,18.212010934779613,1748,2022-02-09 23:00:00,2799,79.81674716429508,0.798681215110074,0,Other,58,1787.742771615272,0,23,9,2
961,79.19729957287116,1902,2022-02-10 00:00:00,2592,66.70610473254715,0.7805883107616539,0,Other,35,6370.257414195333,0,0,10,2
962,10.661651267084997,1925,2022-02-10 01:00:00,2439,79.43424822006767,0.1792675798491805,0,Food,21,7080.222038532844,0,1,10,2
963,39.41846624095393,1631,2022-02-10 02:00:00,2344,69.98428539424151,0.5124385762914143,0,Retail,57,6453.022256002205,0,2,10,2
964,14.572576131898854,1367,2022-02-10 03:00:00,2088,85.37776737167682,0.1847927976811938,0,Food,19,6381.958127861724,0,3,10,2
965,66.38073201509731,1578,2022-02-10 04:00:00,2883,21.065222532351072,0.4478635279559976,0,Travel,29,4571.53943970017,0,4,10,2
966,59.029280852582886,1701,2022-02-10 05:00:00,2465,77.587190675629,0.893001725079941,0,Online,50,7244.499732255062,0,5,10,2
967,29.363762180061297,1628,2022-02-10 06:00:00,3000,82.84786408364808,0.0185426875286532,0,Other,55,3392.4257201231408,0,6,10,2
968,38.67638285599344,1376,2022-02-10 07:00:00,2373,72.92707380065482,0.8729085939754808,0,Other,53,5745.127918765053,0,7,10,2
969,70.84179380147489,1990,2022-02-10 08:00:00,2906,81.37222789945675,0.7906971581139471,0,Travel,63,7417.757201392173,0,8,10,2
970,96.10935116192007,1951,2022-02-10 09:00:00,2229,98.2452759822024,0.9433765426004752,0,Online,18,6303.229479736309,0,9,10,2
971,80.55756596081288,1511,2022-02-10 10:00:00,2369,33.98956472024298,0.8952480163358687,0,Other,29,3104.942852136446,0,10,10,2
972,60.98276949454476,1044,2022-02-10 11:00:00,2248,48.3009931012414,0.6371430223864262,0,Retail,22,5084.274000658554,0,11,10,2
973,40.39032929213584,1661,2022-02-10 12:00:00,2396,14.161746815133736,0.3994497415416771,0,Food,34,4915.427163608973,0,12,10,2
974,85.88659811810663,1289,2022-02-10 13:00:00,2625,39.954165552392894,0.9163748915478472,0,Online,31,9393.91094329131,0,13,10,2
975,24.179380831671477,1787,2022-02-10 14:00:00,2464,97.16291515311428,0.1860753622628134,0,Food,35,6709.759109575788,0,14,10,2
976,22.628164738064527,1666,2022-02-10 15:00:00,2895,40.97998259035188,0.327591018798574,0,Other,36,9674.062164262285,0,15,10,2
977,68.46708138536229,1153,2022-02-10 16:00:00,2661,15.910489203653048,0.6133713544637315,0,Travel,26,7795.5858073424415,0,16,10,2
978,41.61384354634974,1055,2022-02-10 17:00:00,2983,27.01624975483371,0.5632794636722344,0,Online,24,1611.5383147896853,0,17,10,2
979,52.33810790461614,1020,2022-02-10 18:00:00,2910,79.72344815204072,0.0391697034094615,0,Other,55,3552.855147081368,0,18,10,2
980,59.3088667897494,1421,2022-02-10 19:00:00,2666,36.021251919124495,0.507260689735162,0,Travel,41,6341.743797005,0,19,10,2
981,50.18606437061031,1030,2022-02-10 20:00:00,2747,44.54646421771303,0.722522347875597,0,Travel,54,3767.55788843177,0,20,10,2
982,15.880654301311733,1777,2022-02-10 21:00:00,2408,34.063690295531494,0.9103350521675434,0,Food,54,7409.497597151173,0,21,10,2
983,93.2069229574343,1501,2022-02-10 22:00:00,2611,53.54585895379297,0.349553021657929,0,Retail,48,2342.874350139253,0,22,10,2
984,49.45007181617836,1884,2022-02-10 23:00:00,2593,34.489507270956565,0.1693979401866958,0,Online,55,6010.648922201623,0,23,10,2
985,87.01161858917399,1796,2022-02-11 00:00:00,2010,99.52235672534624,0.8589599696724031,0,Online,33,5588.049941710766,0,0,11,2
986,29.32881528535313,1706,2022-02-11 01:00:00,2036,89.97236175842225,0.28560287194158,0,Other,45,1678.514968101755,0,1,11,2
987,90.00558943683018,1238,2022-02-11 02:00:00,2373,40.347012916706845,0.2810849871880284,0,Food,38,8228.897853132457,0,2,11,2
988,86.31758256679817,1937,2022-02-11 03:00:00,2395,41.873839670799214,0.7347183554671533,0,Travel,27,5741.223579237721,0,3,11,2
989,20.443810594610373,1312,2022-02-11 04:00:00,2284,17.84848107618984,0.0295433289723273,0,Food,26,6018.443646739725,0,4,11,2
990,64.6020311134568,1595,2022-02-11 05:00:00,2587,49.133992181918366,0.8800782523307565,0,Travel,53,1150.2959489054026,0,5,11,2
991,37.54797796124622,1060,2022-02-11 06:00:00,2947,27.2944913550858,0.6457439079137509,0,Retail,38,9121.230250792947,0,6,11,2
992,41.35252404135755,1666,2022-02-11 07:00:00,2306,49.40930847785879,0.5903632295148155,0,Travel,36,9674.062164262285,0,7,11,2
993,31.145356675220096,1695,2022-02-11 08:00:00,2791,20.87510265754165,0.2937006794394121,0,Food,35,8553.03724422807,0,8,11,2
994,95.9649600417467,1123,2022-02-11 09:00:00,2906,99.4767532307276,0.5084524017969126,0,Food,34,7347.086686903932,0,9,11,2
995,69.01355852338624,1825,2022-02-11 10:00:00,2327,42.291259375718425,0.7280154874196471,0,Online,54,4886.010824613629,0,10,11,2
996,19.87674987658153,1411,2022-02-11 11:00:00,2150,89.45705885174841,0.2667784305131216,0,Food,19,1290.3230591678546,0,11,11,2
997,96.29979162337555,1566,2022-02-11 12:00:00,2888,47.95802957303573,0.5124833984542169,0,Retail,39,7067.831608802621,0,12,11,2
998,75.16445866811671,1654,2022-02-11 13:00:00,2037,64.21004551176182,0.3677402114526512,0,Food,51,9088.738358722723,0,13,11,2
999,93.63304034468202,1928,2022-02-11 14:00:00,2629,64.68416731379715,0.9603636004427584,0,Travel,60,9352.655675082651,0,14,11,2
1000,89.91562519415352,1503,2022-02-11 15:00:00,2235,97.44012749779932,0.3112237592492107,0,Other,37,4370.431521920184,0,15,11,2
